date,keyword,city,type,index
2026-03-01,十五五规划,上海,all,372
2026-03-01,全面深化改革,上海,all,372
2026-03-01,高质量发展,上海,all,372
2026-03-02,十五五规划,上海,all,807
2026-03-02,全面深化改革,上海,all,807
2026-03-02,高质量发展,上海,all,807
2026-03-03,十五五规划,上海,all,775
2026-03-03,全面深化改革,上海,all,775
2026-03-03,高质量发展,上海,all,775
2026-03-04,十五五规划,上海,all,927
2026-03-04,全面深化改革,上海,all,927
2026-03-04,高质量发展,上海,all,927
2026-03-05,十五五规划,上海,all,1196
2026-03-05,全面深化改革,上海,all,1196
2026-03-05,高质量发展,上海,all,1196
2026-03-06,十五五规划,上海,all,865
2026-03-06,全面深化改革,上海,all,865
2026-03-06,高质量发展,上海,all,865
2026-03-07,十五五规划,上海,all,597
2026-03-07,全面深化改革,上海,all,597
2026-03-07,高质量发展,上海,all,597
2026-03-08,十五五规划,上海,all,601
2026-03-08,全面深化改革,上海,all,601
2026-03-08,高质量发展,上海,all,601
2026-03-09,十五五规划,上海,all,1200
2026-03-09,全面深化改革,上海,all,1200
2026-03-09,高质量发展,上海,all,1200
2026-03-10,十五五规划,上海,all,913
2026-03-10,全面深化改革,上海,all,913
2026-03-10,高质量发展,上海,all,913
2026-03-11,十五五规划,上海,all,896
2026-03-11,全面深化改革,上海,all,896
2026-03-11,高质量发展,上海,all,896
2026-03-12,十五五规划,上海,all,1231
2026-03-12,全面深化改革,上海,all,1231
2026-03-12,高质量发展,上海,all,1231
2026-03-13,十五五规划,上海,all,1186
2026-03-13,全面深化改革,上海,all,1186
2026-03-13,高质量发展,上海,all,1186
2026-03-14,十五五规划,上海,all,721
2026-03-14,全面深化改革,上海,all,721
2026-03-14,高质量发展,上海,all,721
2026-03-15,十五五规划,上海,all,813
2026-03-15,全面深化改革,上海,all,813
2026-03-15,高质量发展,上海,all,813
2026-03-01,十五五规划,上海,pc,152
2026-03-01,全面深化改革,上海,pc,152
2026-03-01,高质量发展,上海,pc,152
2026-03-02,十五五规划,上海,pc,450
2026-03-02,全面深化改革,上海,pc,450
2026-03-02,高质量发展,上海,pc,450
2026-03-03,十五五规划,上海,pc,453
2026-03-03,全面深化改革,上海,pc,453
2026-03-03,高质量发展,上海,pc,453
2026-03-04,十五五规划,上海,pc,505
2026-03-04,全面深化改革,上海,pc,505
2026-03-04,高质量发展,上海,pc,505
2026-03-05,十五五规划,上海,pc,635
2026-03-05,全面深化改革,上海,pc,635
2026-03-05,高质量发展,上海,pc,635
2026-03-06,十五五规划,上海,pc,461
2026-03-06,全面深化改革,上海,pc,461
2026-03-06,高质量发展,上海,pc,461
2026-03-07,十五五规划,上海,pc,245
2026-03-07,全面深化改革,上海,pc,245
2026-03-07,高质量发展,上海,pc,245
2026-03-08,十五五规划,上海,pc,309
2026-03-08,全面深化改革,上海,pc,309
2026-03-08,高质量发展,上海,pc,309
2026-03-09,十五五规划,上海,pc,703
2026-03-09,全面深化改革,上海,pc,703
2026-03-09,高质量发展,上海,pc,703
2026-03-10,十五五规划,上海,pc,518
2026-03-10,全面深化改革,上海,pc,518
2026-03-10,高质量发展,上海,pc,518
2026-03-11,十五五规划,上海,pc,520
2026-03-11,全面深化改革,上海,pc,520
2026-03-11,高质量发展,上海,pc,520
2026-03-12,十五五规划,上海,pc,747
2026-03-12,全面深化改革,上海,pc,747
2026-03-12,高质量发展,上海,pc,747
2026-03-13,十五五规划,上海,pc,653
2026-03-13,全面深化改革,上海,pc,653
2026-03-13,高质量发展,上海,pc,653
2026-03-14,十五五规划,上海,pc,343
2026-03-14,全面深化改革,上海,pc,343
2026-03-14,高质量发展,上海,pc,343
2026-03-15,十五五规划,上海,pc,401
2026-03-15,全面深化改革,上海,pc,401
2026-03-15,高质量发展,上海,pc,401
2026-03-01,十五五规划,上海,wise,220
2026-03-01,全面深化改革,上海,wise,220
2026-03-01,高质量发展,上海,wise,220
2026-03-02,十五五规划,上海,wise,357
2026-03-02,全面深化改革,上海,wise,357
2026-03-02,高质量发展,上海,wise,357
2026-03-03,十五五规划,上海,wise,322
2026-03-03,全面深化改革,上海,wise,322
2026-03-03,高质量发展,上海,wise,322
2026-03-04,十五五规划,上海,wise,422
2026-03-04,全面深化改革,上海,wise,422
2026-03-04,高质量发展,上海,wise,422
2026-03-05,十五五规划,上海,wise,561
2026-03-05,全面深化改革,上海,wise,561
2026-03-05,高质量发展,上海,wise,561
2026-03-06,十五五规划,上海,wise,404
2026-03-06,全面深化改革,上海,wise,404
2026-03-06,高质量发展,上海,wise,404
2026-03-07,十五五规划,上海,wise,352
2026-03-07,全面深化改革,上海,wise,352
2026-03-07,高质量发展,上海,wise,352
2026-03-08,十五五规划,上海,wise,292
2026-03-08,全面深化改革,上海,wise,292
2026-03-08,高质量发展,上海,wise,292
2026-03-09,十五五规划,上海,wise,497
2026-03-09,全面深化改革,上海,wise,497
2026-03-09,高质量发展,上海,wise,497
2026-03-10,十五五规划,上海,wise,395
2026-03-10,全面深化改革,上海,wise,395
2026-03-10,高质量发展,上海,wise,395
2026-03-11,十五五规划,上海,wise,376
2026-03-11,全面深化改革,上海,wise,376
2026-03-11,高质量发展,上海,wise,376
2026-03-12,十五五规划,上海,wise,484
2026-03-12,全面深化改革,上海,wise,484
2026-03-12,高质量发展,上海,wise,484
2026-03-13,十五五规划,上海,wise,533
2026-03-13,全面深化改革,上海,wise,533
2026-03-13,高质量发展,上海,wise,533
2026-03-14,十五五规划,上海,wise,378
2026-03-14,全面深化改革,上海,wise,378
2026-03-14,高质量发展,上海,wise,378
2026-03-15,十五五规划,上海,wise,412
2026-03-15,全面深化改革,上海,wise,412
2026-03-15,高质量发展,上海,wise,412
2026-03-01,经济增长,上海,all,0
2026-03-01,城市群,上海,all,0
2026-03-01,扩大内需,上海,all,0
2026-03-02,经济增长,上海,all,114
2026-03-02,城市群,上海,all,114
2026-03-02,扩大内需,上海,all,114
2026-03-03,经济增长,上海,all,114
2026-03-03,城市群,上海,all,114
2026-03-03,扩大内需,上海,all,114
2026-03-04,经济增长,上海,all,122
2026-03-04,城市群,上海,all,122
2026-03-04,扩大内需,上海,all,122
2026-03-05,经济增长,上海,all,179
2026-03-05,城市群,上海,all,179
2026-03-05,扩大内需,上海,all,179
2026-03-06,经济增长,上海,all,57
2026-03-06,城市群,上海,all,57
2026-03-06,扩大内需,上海,all,57
2026-03-07,经济增长,上海,all,114
2026-03-07,城市群,上海,all,114
2026-03-07,扩大内需,上海,all,114
2026-03-08,经济增长,上海,all,57
2026-03-08,城市群,上海,all,57
2026-03-08,扩大内需,上海,all,57
2026-03-09,经济增长,上海,all,57
2026-03-09,城市群,上海,all,57
2026-03-09,扩大内需,上海,all,57
2026-03-10,经济增长,上海,all,115
2026-03-10,城市群,上海,all,115
2026-03-10,扩大内需,上海,all,115
2026-03-11,经济增长,上海,all,117
2026-03-11,城市群,上海,all,117
2026-03-11,扩大内需,上海,all,117
2026-03-12,经济增长,上海,all,58
2026-03-12,城市群,上海,all,58
2026-03-12,扩大内需,上海,all,58
2026-03-13,经济增长,上海,all,57
2026-03-13,城市群,上海,all,57
2026-03-13,扩大内需,上海,all,57
2026-03-14,经济增长,上海,all,57
2026-03-14,城市群,上海,all,57
2026-03-14,扩大内需,上海,all,57
2026-03-15,经济增长,上海,all,114
2026-03-15,城市群,上海,all,114
2026-03-15,扩大内需,上海,all,114
2026-03-01,经济增长,上海,pc,0
2026-03-01,城市群,上海,pc,0
2026-03-01,扩大内需,上海,pc,0
2026-03-02,经济增长,上海,pc,114
2026-03-02,城市群,上海,pc,114
2026-03-02,扩大内需,上海,pc,114
2026-03-03,经济增长,上海,pc,57
2026-03-03,城市群,上海,pc,57
2026-03-03,扩大内需,上海,pc,57
2026-03-04,经济增长,上海,pc,64
2026-03-04,城市群,上海,pc,64
2026-03-04,扩大内需,上海,pc,64
2026-03-05,经济增长,上海,pc,179
2026-03-05,城市群,上海,pc,179
2026-03-05,扩大内需,上海,pc,179
2026-03-06,经济增长,上海,pc,0
2026-03-06,城市群,上海,pc,0
2026-03-06,扩大内需,上海,pc,0
2026-03-07,经济增长,上海,pc,114
2026-03-07,城市群,上海,pc,114
2026-03-07,扩大内需,上海,pc,114
2026-03-08,经济增长,上海,pc,57
2026-03-08,城市群,上海,pc,57
2026-03-08,扩大内需,上海,pc,57
2026-03-09,经济增长,上海,pc,57
2026-03-09,城市群,上海,pc,57
2026-03-09,扩大内需,上海,pc,57
2026-03-10,经济增长,上海,pc,57
2026-03-10,城市群,上海,pc,57
2026-03-10,扩大内需,上海,pc,57
2026-03-11,经济增长,上海,pc,59
2026-03-11,城市群,上海,pc,59
2026-03-11,扩大内需,上海,pc,59
2026-03-12,经济增长,上海,pc,0
2026-03-12,城市群,上海,pc,0
2026-03-12,扩大内需,上海,pc,0
2026-03-13,经济增长,上海,pc,0
2026-03-13,城市群,上海,pc,0
2026-03-13,扩大内需,上海,pc,0
2026-03-14,经济增长,上海,pc,57
2026-03-14,城市群,上海,pc,57
2026-03-14,扩大内需,上海,pc,57
2026-03-15,经济增长,上海,pc,0
2026-03-15,城市群,上海,pc,0
2026-03-15,扩大内需,上海,pc,0
2026-03-01,经济增长,上海,wise,0
2026-03-01,城市群,上海,wise,0
2026-03-01,扩大内需,上海,wise,0
2026-03-02,经济增长,上海,wise,0
2026-03-02,城市群,上海,wise,0
2026-03-02,扩大内需,上海,wise,0
2026-03-03,经济增长,上海,wise,57
2026-03-03,城市群,上海,wise,57
2026-03-03,扩大内需,上海,wise,57
2026-03-04,经济增长,上海,wise,58
2026-03-04,城市群,上海,wise,58
2026-03-04,扩大内需,上海,wise,58
2026-03-05,经济增长,上海,wise,0
2026-03-05,城市群,上海,wise,0
2026-03-05,扩大内需,上海,wise,0
2026-03-06,经济增长,上海,wise,57
2026-03-06,城市群,上海,wise,57
2026-03-06,扩大内需,上海,wise,57
2026-03-07,经济增长,上海,wise,0
2026-03-07,城市群,上海,wise,0
2026-03-07,扩大内需,上海,wise,0
2026-03-08,经济增长,上海,wise,0
2026-03-08,城市群,上海,wise,0
2026-03-08,扩大内需,上海,wise,0
2026-03-09,经济增长,上海,wise,0
2026-03-09,城市群,上海,wise,0
2026-03-09,扩大内需,上海,wise,0
2026-03-10,经济增长,上海,wise,58
2026-03-10,城市群,上海,wise,58
2026-03-10,扩大内需,上海,wise,58
2026-03-11,经济增长,上海,wise,58
2026-03-11,城市群,上海,wise,58
2026-03-11,扩大内需,上海,wise,58
2026-03-12,经济增长,上海,wise,58
2026-03-12,城市群,上海,wise,58
2026-03-12,扩大内需,上海,wise,58
2026-03-13,经济增长,上海,wise,57
2026-03-13,城市群,上海,wise,57
2026-03-13,扩大内需,上海,wise,57
2026-03-14,经济增长,上海,wise,0
2026-03-14,城市群,上海,wise,0
2026-03-14,扩大内需,上海,wise,0
2026-03-15,经济增长,上海,wise,114
2026-03-15,城市群,上海,wise,114
2026-03-15,扩大内需,上海,wise,114
2026-03-01,市场,上海,all,325
2026-03-01,民营经济,上海,all,325
2026-03-01,内卷,上海,all,325
2026-03-02,市场,上海,all,249
2026-03-02,民营经济,上海,all,249
2026-03-02,内卷,上海,all,249
2026-03-03,市场,上海,all,270
2026-03-03,民营经济,上海,all,270
2026-03-03,内卷,上海,all,270
2026-03-04,市场,上海,all,348
2026-03-04,民营经济,上海,all,348
2026-03-04,内卷,上海,all,348
2026-03-05,市场,上海,all,281
2026-03-05,民营经济,上海,all,281
2026-03-05,内卷,上海,all,281
2026-03-06,市场,上海,all,339
2026-03-06,民营经济,上海,all,339
2026-03-06,内卷,上海,all,339
2026-03-07,市场,上海,all,266
2026-03-07,民营经济,上海,all,266
2026-03-07,内卷,上海,all,266
2026-03-08,市场,上海,all,254
2026-03-08,民营经济,上海,all,254
2026-03-08,内卷,上海,all,254
2026-03-09,市场,上海,all,353
2026-03-09,民营经济,上海,all,353
2026-03-09,内卷,上海,all,353
2026-03-10,市场,上海,all,244
2026-03-10,民营经济,上海,all,244
2026-03-10,内卷,上海,all,244
2026-03-11,市场,上海,all,266
2026-03-11,民营经济,上海,all,266
2026-03-11,内卷,上海,all,266
2026-03-12,市场,上海,all,320
2026-03-12,民营经济,上海,all,320
2026-03-12,内卷,上海,all,320
2026-03-13,市场,上海,all,317
2026-03-13,民营经济,上海,all,317
2026-03-13,内卷,上海,all,317
2026-03-14,市场,上海,all,189
2026-03-14,民营经济,上海,all,189
2026-03-14,内卷,上海,all,189
2026-03-15,市场,上海,all,309
2026-03-15,民营经济,上海,all,309
2026-03-15,内卷,上海,all,309
2026-03-01,市场,上海,pc,188
2026-03-01,民营经济,上海,pc,188
2026-03-01,内卷,上海,pc,188
2026-03-02,市场,上海,pc,118
2026-03-02,民营经济,上海,pc,118
2026-03-02,内卷,上海,pc,118
2026-03-03,市场,上海,pc,129
2026-03-03,民营经济,上海,pc,129
2026-03-03,内卷,上海,pc,129
2026-03-04,市场,上海,pc,201
2026-03-04,民营经济,上海,pc,201
2026-03-04,内卷,上海,pc,201
2026-03-05,市场,上海,pc,140
2026-03-05,民营经济,上海,pc,140
2026-03-05,内卷,上海,pc,140
2026-03-06,市场,上海,pc,136
2026-03-06,民营经济,上海,pc,136
2026-03-06,内卷,上海,pc,136
2026-03-07,市场,上海,pc,123
2026-03-07,民营经济,上海,pc,123
2026-03-07,内卷,上海,pc,123
2026-03-08,市场,上海,pc,124
2026-03-08,民营经济,上海,pc,124
2026-03-08,内卷,上海,pc,124
2026-03-09,市场,上海,pc,147
2026-03-09,民营经济,上海,pc,147
2026-03-09,内卷,上海,pc,147
2026-03-10,市场,上海,pc,121
2026-03-10,民营经济,上海,pc,121
2026-03-10,内卷,上海,pc,121
2026-03-11,市场,上海,pc,120
2026-03-11,民营经济,上海,pc,120
2026-03-11,内卷,上海,pc,120
2026-03-12,市场,上海,pc,192
2026-03-12,民营经济,上海,pc,192
2026-03-12,内卷,上海,pc,192
2026-03-13,市场,上海,pc,181
2026-03-13,民营经济,上海,pc,181
2026-03-13,内卷,上海,pc,181
2026-03-14,市场,上海,pc,59
2026-03-14,民营经济,上海,pc,59
2026-03-14,内卷,上海,pc,59
2026-03-15,市场,上海,pc,118
2026-03-15,民营经济,上海,pc,118
2026-03-15,内卷,上海,pc,118
2026-03-01,市场,上海,wise,137
2026-03-01,民营经济,上海,wise,137
2026-03-01,内卷,上海,wise,137
2026-03-02,市场,上海,wise,131
2026-03-02,民营经济,上海,wise,131
2026-03-02,内卷,上海,wise,131
2026-03-03,市场,上海,wise,141
2026-03-03,民营经济,上海,wise,141
2026-03-03,内卷,上海,wise,141
2026-03-04,市场,上海,wise,147
2026-03-04,民营经济,上海,wise,147
2026-03-04,内卷,上海,wise,147
2026-03-05,市场,上海,wise,141
2026-03-05,民营经济,上海,wise,141
2026-03-05,内卷,上海,wise,141
2026-03-06,市场,上海,wise,203
2026-03-06,民营经济,上海,wise,203
2026-03-06,内卷,上海,wise,203
2026-03-07,市场,上海,wise,143
2026-03-07,民营经济,上海,wise,143
2026-03-07,内卷,上海,wise,143
2026-03-08,市场,上海,wise,130
2026-03-08,民营经济,上海,wise,130
2026-03-08,内卷,上海,wise,130
2026-03-09,市场,上海,wise,206
2026-03-09,民营经济,上海,wise,206
2026-03-09,内卷,上海,wise,206
2026-03-10,市场,上海,wise,123
2026-03-10,民营经济,上海,wise,123
2026-03-10,内卷,上海,wise,123
2026-03-11,市场,上海,wise,146
2026-03-11,民营经济,上海,wise,146
2026-03-11,内卷,上海,wise,146
2026-03-12,市场,上海,wise,128
2026-03-12,民营经济,上海,wise,128
2026-03-12,内卷,上海,wise,128
2026-03-13,市场,上海,wise,136
2026-03-13,民营经济,上海,wise,136
2026-03-13,内卷,上海,wise,136
2026-03-14,市场,上海,wise,130
2026-03-14,民营经济,上海,wise,130
2026-03-14,内卷,上海,wise,130
2026-03-15,市场,上海,wise,191
2026-03-15,民营经济,上海,wise,191
2026-03-15,内卷,上海,wise,191
2026-03-01,改善民生,上海,all,331
2026-03-01,新质生产力,上海,all,331
2026-03-01,人工智能,上海,all,331
2026-03-02,改善民生,上海,all,549
2026-03-02,新质生产力,上海,all,549
2026-03-02,人工智能,上海,all,549
2026-03-03,改善民生,上海,all,509
2026-03-03,新质生产力,上海,all,509
2026-03-03,人工智能,上海,all,509
2026-03-04,改善民生,上海,all,608
2026-03-04,新质生产力,上海,all,608
2026-03-04,人工智能,上海,all,608
2026-03-05,改善民生,上海,all,534
2026-03-05,新质生产力,上海,all,534
2026-03-05,人工智能,上海,all,534
2026-03-06,改善民生,上海,all,482
2026-03-06,新质生产力,上海,all,482
2026-03-06,人工智能,上海,all,482
2026-03-07,改善民生,上海,all,376
2026-03-07,新质生产力,上海,all,376
2026-03-07,人工智能,上海,all,376
2026-03-08,改善民生,上海,all,365
2026-03-08,新质生产力,上海,all,365
2026-03-08,人工智能,上海,all,365
2026-03-09,改善民生,上海,all,500
2026-03-09,新质生产力,上海,all,500
2026-03-09,人工智能,上海,all,500
2026-03-10,改善民生,上海,all,584
2026-03-10,新质生产力,上海,all,584
2026-03-10,人工智能,上海,all,584
2026-03-11,改善民生,上海,all,543
2026-03-11,新质生产力,上海,all,543
2026-03-11,人工智能,上海,all,543
2026-03-12,改善民生,上海,all,560
2026-03-12,新质生产力,上海,all,560
2026-03-12,人工智能,上海,all,560
2026-03-13,改善民生,上海,all,514
2026-03-13,新质生产力,上海,all,514
2026-03-13,人工智能,上海,all,514
2026-03-14,改善民生,上海,all,399
2026-03-14,新质生产力,上海,all,399
2026-03-14,人工智能,上海,all,399
2026-03-15,改善民生,上海,all,388
2026-03-15,新质生产力,上海,all,388
2026-03-15,人工智能,上海,all,388
2026-03-01,改善民生,上海,pc,144
2026-03-01,新质生产力,上海,pc,144
2026-03-01,人工智能,上海,pc,144
2026-03-02,改善民生,上海,pc,328
2026-03-02,新质生产力,上海,pc,328
2026-03-02,人工智能,上海,pc,328
2026-03-03,改善民生,上海,pc,279
2026-03-03,新质生产力,上海,pc,279
2026-03-03,人工智能,上海,pc,279
2026-03-04,改善民生,上海,pc,387
2026-03-04,新质生产力,上海,pc,387
2026-03-04,人工智能,上海,pc,387
2026-03-05,改善民生,上海,pc,271
2026-03-05,新质生产力,上海,pc,271
2026-03-05,人工智能,上海,pc,271
2026-03-06,改善民生,上海,pc,235
2026-03-06,新质生产力,上海,pc,235
2026-03-06,人工智能,上海,pc,235
2026-03-07,改善民生,上海,pc,159
2026-03-07,新质生产力,上海,pc,159
2026-03-07,人工智能,上海,pc,159
2026-03-08,改善民生,上海,pc,169
2026-03-08,新质生产力,上海,pc,169
2026-03-08,人工智能,上海,pc,169
2026-03-09,改善民生,上海,pc,280
2026-03-09,新质生产力,上海,pc,280
2026-03-09,人工智能,上海,pc,280
2026-03-10,改善民生,上海,pc,351
2026-03-10,新质生产力,上海,pc,351
2026-03-10,人工智能,上海,pc,351
2026-03-11,改善民生,上海,pc,294
2026-03-11,新质生产力,上海,pc,294
2026-03-11,人工智能,上海,pc,294
2026-03-12,改善民生,上海,pc,307
2026-03-12,新质生产力,上海,pc,307
2026-03-12,人工智能,上海,pc,307
2026-03-13,改善民生,上海,pc,239
2026-03-13,新质生产力,上海,pc,239
2026-03-13,人工智能,上海,pc,239
2026-03-14,改善民生,上海,pc,165
2026-03-14,新质生产力,上海,pc,165
2026-03-14,人工智能,上海,pc,165
2026-03-15,改善民生,上海,pc,167
2026-03-15,新质生产力,上海,pc,167
2026-03-15,人工智能,上海,pc,167
2026-03-01,改善民生,上海,wise,187
2026-03-01,新质生产力,上海,wise,187
2026-03-01,人工智能,上海,wise,187
2026-03-02,改善民生,上海,wise,221
2026-03-02,新质生产力,上海,wise,221
2026-03-02,人工智能,上海,wise,221
2026-03-03,改善民生,上海,wise,230
2026-03-03,新质生产力,上海,wise,230
2026-03-03,人工智能,上海,wise,230
2026-03-04,改善民生,上海,wise,221
2026-03-04,新质生产力,上海,wise,221
2026-03-04,人工智能,上海,wise,221
2026-03-05,改善民生,上海,wise,263
2026-03-05,新质生产力,上海,wise,263
2026-03-05,人工智能,上海,wise,263
2026-03-06,改善民生,上海,wise,247
2026-03-06,新质生产力,上海,wise,247
2026-03-06,人工智能,上海,wise,247
2026-03-07,改善民生,上海,wise,217
2026-03-07,新质生产力,上海,wise,217
2026-03-07,人工智能,上海,wise,217
2026-03-08,改善民生,上海,wise,196
2026-03-08,新质生产力,上海,wise,196
2026-03-08,人工智能,上海,wise,196
2026-03-09,改善民生,上海,wise,220
2026-03-09,新质生产力,上海,wise,220
2026-03-09,人工智能,上海,wise,220
2026-03-10,改善民生,上海,wise,233
2026-03-10,新质生产力,上海,wise,233
2026-03-10,人工智能,上海,wise,233
2026-03-11,改善民生,上海,wise,249
2026-03-11,新质生产力,上海,wise,249
2026-03-11,人工智能,上海,wise,249
2026-03-12,改善民生,上海,wise,253
2026-03-12,新质生产力,上海,wise,253
2026-03-12,人工智能,上海,wise,253
2026-03-13,改善民生,上海,wise,275
2026-03-13,新质生产力,上海,wise,275
2026-03-13,人工智能,上海,wise,275
2026-03-14,改善民生,上海,wise,234
2026-03-14,新质生产力,上海,wise,234
2026-03-14,人工智能,上海,wise,234
2026-03-15,改善民生,上海,wise,221
2026-03-15,新质生产力,上海,wise,221
2026-03-15,人工智能,上海,wise,221
2026-03-01,就业,上海,all,115
2026-03-01,新兴产业,上海,all,115
2026-03-01,智能经济,上海,all,115
2026-03-02,就业,上海,all,174
2026-03-02,新兴产业,上海,all,174
2026-03-02,智能经济,上海,all,174
2026-03-03,就业,上海,all,123
2026-03-03,新兴产业,上海,all,123
2026-03-03,智能经济,上海,all,123
2026-03-04,就业,上海,all,564
2026-03-04,新兴产业,上海,all,564
2026-03-04,智能经济,上海,all,564
2026-03-05,就业,上海,all,536
2026-03-05,新兴产业,上海,all,536
2026-03-05,智能经济,上海,all,536
2026-03-06,就业,上海,all,354
2026-03-06,新兴产业,上海,all,354
2026-03-06,智能经济,上海,all,354
2026-03-07,就业,上海,all,247
2026-03-07,新兴产业,上海,all,247
2026-03-07,智能经济,上海,all,247
2026-03-08,就业,上海,all,298
2026-03-08,新兴产业,上海,all,298
2026-03-08,智能经济,上海,all,298
2026-03-09,就业,上海,all,334
2026-03-09,新兴产业,上海,all,334
2026-03-09,智能经济,上海,all,334
2026-03-10,就业,上海,all,250
2026-03-10,新兴产业,上海,all,250
2026-03-10,智能经济,上海,all,250
2026-03-11,就业,上海,all,319
2026-03-11,新兴产业,上海,all,319
2026-03-11,智能经济,上海,all,319
2026-03-12,就业,上海,all,353
2026-03-12,新兴产业,上海,all,353
2026-03-12,智能经济,上海,all,353
2026-03-13,就业,上海,all,369
2026-03-13,新兴产业,上海,all,369
2026-03-13,智能经济,上海,all,369
2026-03-14,就业,上海,all,235
2026-03-14,新兴产业,上海,all,235
2026-03-14,智能经济,上海,all,235
2026-03-15,就业,上海,all,185
2026-03-15,新兴产业,上海,all,185
2026-03-15,智能经济,上海,all,185
2026-03-01,就业,上海,pc,57
2026-03-01,新兴产业,上海,pc,57
2026-03-01,智能经济,上海,pc,57
2026-03-02,就业,上海,pc,57
2026-03-02,新兴产业,上海,pc,57
2026-03-02,智能经济,上海,pc,57
2026-03-03,就业,上海,pc,57
2026-03-03,新兴产业,上海,pc,57
2026-03-03,智能经济,上海,pc,57
2026-03-04,就业,上海,pc,345
2026-03-04,新兴产业,上海,pc,345
2026-03-04,智能经济,上海,pc,345
2026-03-05,就业,上海,pc,286
2026-03-05,新兴产业,上海,pc,286
2026-03-05,智能经济,上海,pc,286
2026-03-06,就业,上海,pc,220
2026-03-06,新兴产业,上海,pc,220
2026-03-06,智能经济,上海,pc,220
2026-03-07,就业,上海,pc,61
2026-03-07,新兴产业,上海,pc,61
2026-03-07,智能经济,上海,pc,61
2026-03-08,就业,上海,pc,177
2026-03-08,新兴产业,上海,pc,177
2026-03-08,智能经济,上海,pc,177
2026-03-09,就业,上海,pc,205
2026-03-09,新兴产业,上海,pc,205
2026-03-09,智能经济,上海,pc,205
2026-03-10,就业,上海,pc,192
2026-03-10,新兴产业,上海,pc,192
2026-03-10,智能经济,上海,pc,192
2026-03-11,就业,上海,pc,194
2026-03-11,新兴产业,上海,pc,194
2026-03-11,智能经济,上海,pc,194
2026-03-12,就业,上海,pc,182
2026-03-12,新兴产业,上海,pc,182
2026-03-12,智能经济,上海,pc,182
2026-03-13,就业,上海,pc,188
2026-03-13,新兴产业,上海,pc,188
2026-03-13,智能经济,上海,pc,188
2026-03-14,就业,上海,pc,116
2026-03-14,新兴产业,上海,pc,116
2026-03-14,智能经济,上海,pc,116
2026-03-15,就业,上海,pc,59
2026-03-15,新兴产业,上海,pc,59
2026-03-15,智能经济,上海,pc,59
2026-03-01,就业,上海,wise,58
2026-03-01,新兴产业,上海,wise,58
2026-03-01,智能经济,上海,wise,58
2026-03-02,就业,上海,wise,117
2026-03-02,新兴产业,上海,wise,117
2026-03-02,智能经济,上海,wise,117
2026-03-03,就业,上海,wise,66
2026-03-03,新兴产业,上海,wise,66
2026-03-03,智能经济,上海,wise,66
2026-03-04,就业,上海,wise,219
2026-03-04,新兴产业,上海,wise,219
2026-03-04,智能经济,上海,wise,219
2026-03-05,就业,上海,wise,250
2026-03-05,新兴产业,上海,wise,250
2026-03-05,智能经济,上海,wise,250
2026-03-06,就业,上海,wise,134
2026-03-06,新兴产业,上海,wise,134
2026-03-06,智能经济,上海,wise,134
2026-03-07,就业,上海,wise,186
2026-03-07,新兴产业,上海,wise,186
2026-03-07,智能经济,上海,wise,186
2026-03-08,就业,上海,wise,121
2026-03-08,新兴产业,上海,wise,121
2026-03-08,智能经济,上海,wise,121
2026-03-09,就业,上海,wise,129
2026-03-09,新兴产业,上海,wise,129
2026-03-09,智能经济,上海,wise,129
2026-03-10,就业,上海,wise,58
2026-03-10,新兴产业,上海,wise,58
2026-03-10,智能经济,上海,wise,58
2026-03-11,就业,上海,wise,125
2026-03-11,新兴产业,上海,wise,125
2026-03-11,智能经济,上海,wise,125
2026-03-12,就业,上海,wise,171
2026-03-12,新兴产业,上海,wise,171
2026-03-12,智能经济,上海,wise,171
2026-03-13,就业,上海,wise,181
2026-03-13,新兴产业,上海,wise,181
2026-03-13,智能经济,上海,wise,181
2026-03-14,就业,上海,wise,119
2026-03-14,新兴产业,上海,wise,119
2026-03-14,智能经济,上海,wise,119
2026-03-15,就业,上海,wise,126
2026-03-15,新兴产业,上海,wise,126
2026-03-15,智能经济,上海,wise,126
2026-03-01,脑机接口,上海,all,422
2026-03-01,显卡,上海,all,422
2026-03-01,低空经济,上海,all,422
2026-03-02,脑机接口,上海,all,539
2026-03-02,显卡,上海,all,539
2026-03-02,低空经济,上海,all,539
2026-03-03,脑机接口,上海,all,520
2026-03-03,显卡,上海,all,520
2026-03-03,低空经济,上海,all,520
2026-03-04,脑机接口,上海,all,520
2026-03-04,显卡,上海,all,520
2026-03-04,低空经济,上海,all,520
2026-03-05,脑机接口,上海,all,774
2026-03-05,显卡,上海,all,774
2026-03-05,低空经济,上海,all,774
2026-03-06,脑机接口,上海,all,702
2026-03-06,显卡,上海,all,702
2026-03-06,低空经济,上海,all,702
2026-03-07,脑机接口,上海,all,540
2026-03-07,显卡,上海,all,540
2026-03-07,低空经济,上海,all,540
2026-03-08,脑机接口,上海,all,513
2026-03-08,显卡,上海,all,513
2026-03-08,低空经济,上海,all,513
2026-03-09,脑机接口,上海,all,592
2026-03-09,显卡,上海,all,592
2026-03-09,低空经济,上海,all,592
2026-03-10,脑机接口,上海,all,612
2026-03-10,显卡,上海,all,612
2026-03-10,低空经济,上海,all,612
2026-03-11,脑机接口,上海,all,659
2026-03-11,显卡,上海,all,659
2026-03-11,低空经济,上海,all,659
2026-03-12,脑机接口,上海,all,582
2026-03-12,显卡,上海,all,582
2026-03-12,低空经济,上海,all,582
2026-03-13,脑机接口,上海,all,870
2026-03-13,显卡,上海,all,870
2026-03-13,低空经济,上海,all,870
2026-03-14,脑机接口,上海,all,581
2026-03-14,显卡,上海,all,581
2026-03-14,低空经济,上海,all,581
2026-03-15,脑机接口,上海,all,542
2026-03-15,显卡,上海,all,542
2026-03-15,低空经济,上海,all,542
2026-03-01,脑机接口,上海,pc,203
2026-03-01,显卡,上海,pc,203
2026-03-01,低空经济,上海,pc,203
2026-03-02,脑机接口,上海,pc,294
2026-03-02,显卡,上海,pc,294
2026-03-02,低空经济,上海,pc,294
2026-03-03,脑机接口,上海,pc,281
2026-03-03,显卡,上海,pc,281
2026-03-03,低空经济,上海,pc,281
2026-03-04,脑机接口,上海,pc,279
2026-03-04,显卡,上海,pc,279
2026-03-04,低空经济,上海,pc,279
2026-03-05,脑机接口,上海,pc,427
2026-03-05,显卡,上海,pc,427
2026-03-05,低空经济,上海,pc,427
2026-03-06,脑机接口,上海,pc,333
2026-03-06,显卡,上海,pc,333
2026-03-06,低空经济,上海,pc,333
2026-03-07,脑机接口,上海,pc,232
2026-03-07,显卡,上海,pc,232
2026-03-07,低空经济,上海,pc,232
2026-03-08,脑机接口,上海,pc,239
2026-03-08,显卡,上海,pc,239
2026-03-08,低空经济,上海,pc,239
2026-03-09,脑机接口,上海,pc,296
2026-03-09,显卡,上海,pc,296
2026-03-09,低空经济,上海,pc,296
2026-03-10,脑机接口,上海,pc,330
2026-03-10,显卡,上海,pc,330
2026-03-10,低空经济,上海,pc,330
2026-03-11,脑机接口,上海,pc,343
2026-03-11,显卡,上海,pc,343
2026-03-11,低空经济,上海,pc,343
2026-03-12,脑机接口,上海,pc,308
2026-03-12,显卡,上海,pc,308
2026-03-12,低空经济,上海,pc,308
2026-03-13,脑机接口,上海,pc,487
2026-03-13,显卡,上海,pc,487
2026-03-13,低空经济,上海,pc,487
2026-03-14,脑机接口,上海,pc,248
2026-03-14,显卡,上海,pc,248
2026-03-14,低空经济,上海,pc,248
2026-03-15,脑机接口,上海,pc,237
2026-03-15,显卡,上海,pc,237
2026-03-15,低空经济,上海,pc,237
2026-03-01,脑机接口,上海,wise,219
2026-03-01,显卡,上海,wise,219
2026-03-01,低空经济,上海,wise,219
2026-03-02,脑机接口,上海,wise,245
2026-03-02,显卡,上海,wise,245
2026-03-02,低空经济,上海,wise,245
2026-03-03,脑机接口,上海,wise,239
2026-03-03,显卡,上海,wise,239
2026-03-03,低空经济,上海,wise,239
2026-03-04,脑机接口,上海,wise,241
2026-03-04,显卡,上海,wise,241
2026-03-04,低空经济,上海,wise,241
2026-03-05,脑机接口,上海,wise,347
2026-03-05,显卡,上海,wise,347
2026-03-05,低空经济,上海,wise,347
2026-03-06,脑机接口,上海,wise,369
2026-03-06,显卡,上海,wise,369
2026-03-06,低空经济,上海,wise,369
2026-03-07,脑机接口,上海,wise,308
2026-03-07,显卡,上海,wise,308
2026-03-07,低空经济,上海,wise,308
2026-03-08,脑机接口,上海,wise,274
2026-03-08,显卡,上海,wise,274
2026-03-08,低空经济,上海,wise,274
2026-03-09,脑机接口,上海,wise,296
2026-03-09,显卡,上海,wise,296
2026-03-09,低空经济,上海,wise,296
2026-03-10,脑机接口,上海,wise,282
2026-03-10,显卡,上海,wise,282
2026-03-10,低空经济,上海,wise,282
2026-03-11,脑机接口,上海,wise,316
2026-03-11,显卡,上海,wise,316
2026-03-11,低空经济,上海,wise,316
2026-03-12,脑机接口,上海,wise,274
2026-03-12,显卡,上海,wise,274
2026-03-12,低空经济,上海,wise,274
2026-03-13,脑机接口,上海,wise,383
2026-03-13,显卡,上海,wise,383
2026-03-13,低空经济,上海,wise,383
2026-03-14,脑机接口,上海,wise,333
2026-03-14,显卡,上海,wise,333
2026-03-14,低空经济,上海,wise,333
2026-03-15,脑机接口,上海,wise,305
2026-03-15,显卡,上海,wise,305
2026-03-15,低空经济,上海,wise,305
2026-03-01,科技,上海,all,242
2026-03-01,资本市场,上海,all,242
2026-03-01,新型工业化,上海,all,242
2026-03-02,科技,上海,all,244
2026-03-02,资本市场,上海,all,244
2026-03-02,新型工业化,上海,all,244
2026-03-03,科技,上海,all,306
2026-03-03,资本市场,上海,all,306
2026-03-03,新型工业化,上海,all,306
2026-03-04,科技,上海,all,275
2026-03-04,资本市场,上海,all,275
2026-03-04,新型工业化,上海,all,275
2026-03-05,科技,上海,all,318
2026-03-05,资本市场,上海,all,318
2026-03-05,新型工业化,上海,all,318
2026-03-06,科技,上海,all,309
2026-03-06,资本市场,上海,all,309
2026-03-06,新型工业化,上海,all,309
2026-03-07,科技,上海,all,131
2026-03-07,资本市场,上海,all,131
2026-03-07,新型工业化,上海,all,131
2026-03-08,科技,上海,all,246
2026-03-08,资本市场,上海,all,246
2026-03-08,新型工业化,上海,all,246
2026-03-09,科技,上海,all,256
2026-03-09,资本市场,上海,all,256
2026-03-09,新型工业化,上海,all,256
2026-03-10,科技,上海,all,273
2026-03-10,资本市场,上海,all,273
2026-03-10,新型工业化,上海,all,273
2026-03-11,科技,上海,all,199
2026-03-11,资本市场,上海,all,199
2026-03-11,新型工业化,上海,all,199
2026-03-12,科技,上海,all,186
2026-03-12,资本市场,上海,all,186
2026-03-12,新型工业化,上海,all,186
2026-03-13,科技,上海,all,263
2026-03-13,资本市场,上海,all,263
2026-03-13,新型工业化,上海,all,263
2026-03-14,科技,上海,all,193
2026-03-14,资本市场,上海,all,193
2026-03-14,新型工业化,上海,all,193
2026-03-15,科技,上海,all,259
2026-03-15,资本市场,上海,all,259
2026-03-15,新型工业化,上海,all,259
2026-03-01,科技,上海,pc,120
2026-03-01,资本市场,上海,pc,120
2026-03-01,新型工业化,上海,pc,120
2026-03-02,科技,上海,pc,127
2026-03-02,资本市场,上海,pc,127
2026-03-02,新型工业化,上海,pc,127
2026-03-03,科技,上海,pc,186
2026-03-03,资本市场,上海,pc,186
2026-03-03,新型工业化,上海,pc,186
2026-03-04,科技,上海,pc,139
2026-03-04,资本市场,上海,pc,139
2026-03-04,新型工业化,上海,pc,139
2026-03-05,科技,上海,pc,192
2026-03-05,资本市场,上海,pc,192
2026-03-05,新型工业化,上海,pc,192
2026-03-06,科技,上海,pc,186
2026-03-06,资本市场,上海,pc,186
2026-03-06,新型工业化,上海,pc,186
2026-03-07,科技,上海,pc,57
2026-03-07,资本市场,上海,pc,57
2026-03-07,新型工业化,上海,pc,57
2026-03-08,科技,上海,pc,118
2026-03-08,资本市场,上海,pc,118
2026-03-08,新型工业化,上海,pc,118
2026-03-09,科技,上海,pc,196
2026-03-09,资本市场,上海,pc,196
2026-03-09,新型工业化,上海,pc,196
2026-03-10,科技,上海,pc,131
2026-03-10,资本市场,上海,pc,131
2026-03-10,新型工业化,上海,pc,131
2026-03-11,科技,上海,pc,129
2026-03-11,资本市场,上海,pc,129
2026-03-11,新型工业化,上海,pc,129
2026-03-12,科技,上海,pc,123
2026-03-12,资本市场,上海,pc,123
2026-03-12,新型工业化,上海,pc,123
2026-03-13,科技,上海,pc,129
2026-03-13,资本市场,上海,pc,129
2026-03-13,新型工业化,上海,pc,129
2026-03-14,科技,上海,pc,64
2026-03-14,资本市场,上海,pc,64
2026-03-14,新型工业化,上海,pc,64
2026-03-15,科技,上海,pc,122
2026-03-15,资本市场,上海,pc,122
2026-03-15,新型工业化,上海,pc,122
2026-03-01,科技,上海,wise,122
2026-03-01,资本市场,上海,wise,122
2026-03-01,新型工业化,上海,wise,122
2026-03-02,科技,上海,wise,117
2026-03-02,资本市场,上海,wise,117
2026-03-02,新型工业化,上海,wise,117
2026-03-03,科技,上海,wise,120
2026-03-03,资本市场,上海,wise,120
2026-03-03,新型工业化,上海,wise,120
2026-03-04,科技,上海,wise,136
2026-03-04,资本市场,上海,wise,136
2026-03-04,新型工业化,上海,wise,136
2026-03-05,科技,上海,wise,126
2026-03-05,资本市场,上海,wise,126
2026-03-05,新型工业化,上海,wise,126
2026-03-06,科技,上海,wise,123
2026-03-06,资本市场,上海,wise,123
2026-03-06,新型工业化,上海,wise,123
2026-03-07,科技,上海,wise,74
2026-03-07,资本市场,上海,wise,74
2026-03-07,新型工业化,上海,wise,74
2026-03-08,科技,上海,wise,128
2026-03-08,资本市场,上海,wise,128
2026-03-08,新型工业化,上海,wise,128
2026-03-09,科技,上海,wise,60
2026-03-09,资本市场,上海,wise,60
2026-03-09,新型工业化,上海,wise,60
2026-03-10,科技,上海,wise,142
2026-03-10,资本市场,上海,wise,142
2026-03-10,新型工业化,上海,wise,142
2026-03-11,科技,上海,wise,70
2026-03-11,资本市场,上海,wise,70
2026-03-11,新型工业化,上海,wise,70
2026-03-12,科技,上海,wise,63
2026-03-12,资本市场,上海,wise,63
2026-03-12,新型工业化,上海,wise,63
2026-03-13,科技,上海,wise,134
2026-03-13,资本市场,上海,wise,134
2026-03-13,新型工业化,上海,wise,134
2026-03-14,科技,上海,wise,129
2026-03-14,资本市场,上海,wise,129
2026-03-14,新型工业化,上海,wise,129
2026-03-15,科技,上海,wise,137
2026-03-15,资本市场,上海,wise,137
2026-03-15,新型工业化,上海,wise,137
2026-03-01,再贷款,上海,all,57
2026-03-01,农民养老金,上海,all,57
2026-03-01,未来能源,上海,all,57
2026-03-02,再贷款,上海,all,59
2026-03-02,农民养老金,上海,all,59
2026-03-02,未来能源,上海,all,59
2026-03-03,再贷款,上海,all,0
2026-03-03,农民养老金,上海,all,0
2026-03-03,未来能源,上海,all,0
2026-03-04,再贷款,上海,all,202
2026-03-04,农民养老金,上海,all,202
2026-03-04,未来能源,上海,all,202
2026-03-05,再贷款,上海,all,475
2026-03-05,农民养老金,上海,all,475
2026-03-05,未来能源,上海,all,475
2026-03-06,再贷款,上海,all,307
2026-03-06,农民养老金,上海,all,307
2026-03-06,未来能源,上海,all,307
2026-03-07,再贷款,上海,all,241
2026-03-07,农民养老金,上海,all,241
2026-03-07,未来能源,上海,all,241
2026-03-08,再贷款,上海,all,238
2026-03-08,农民养老金,上海,all,238
2026-03-08,未来能源,上海,all,238
2026-03-09,再贷款,上海,all,256
2026-03-09,农民养老金,上海,all,256
2026-03-09,未来能源,上海,all,256
2026-03-10,再贷款,上海,all,256
2026-03-10,农民养老金,上海,all,256
2026-03-10,未来能源,上海,all,256
2026-03-11,再贷款,上海,all,348
2026-03-11,农民养老金,上海,all,348
2026-03-11,未来能源,上海,all,348
2026-03-12,再贷款,上海,all,328
2026-03-12,农民养老金,上海,all,328
2026-03-12,未来能源,上海,all,328
2026-03-13,再贷款,上海,all,242
2026-03-13,农民养老金,上海,all,242
2026-03-13,未来能源,上海,all,242
2026-03-14,再贷款,上海,all,57
2026-03-14,农民养老金,上海,all,57
2026-03-14,未来能源,上海,all,57
2026-03-15,再贷款,上海,all,65
2026-03-15,农民养老金,上海,all,65
2026-03-15,未来能源,上海,all,65
2026-03-01,再贷款,上海,pc,0
2026-03-01,农民养老金,上海,pc,0
2026-03-01,未来能源,上海,pc,0
2026-03-02,再贷款,上海,pc,59
2026-03-02,农民养老金,上海,pc,59
2026-03-02,未来能源,上海,pc,59
2026-03-03,再贷款,上海,pc,0
2026-03-03,农民养老金,上海,pc,0
2026-03-03,未来能源,上海,pc,0
2026-03-04,再贷款,上海,pc,139
2026-03-04,农民养老金,上海,pc,139
2026-03-04,未来能源,上海,pc,139
2026-03-05,再贷款,上海,pc,284
2026-03-05,农民养老金,上海,pc,284
2026-03-05,未来能源,上海,pc,284
2026-03-06,再贷款,上海,pc,156
2026-03-06,农民养老金,上海,pc,156
2026-03-06,未来能源,上海,pc,156
2026-03-07,再贷款,上海,pc,114
2026-03-07,农民养老金,上海,pc,114
2026-03-07,未来能源,上海,pc,114
2026-03-08,再贷款,上海,pc,118
2026-03-08,农民养老金,上海,pc,118
2026-03-08,未来能源,上海,pc,118
2026-03-09,再贷款,上海,pc,132
2026-03-09,农民养老金,上海,pc,132
2026-03-09,未来能源,上海,pc,132
2026-03-10,再贷款,上海,pc,134
2026-03-10,农民养老金,上海,pc,134
2026-03-10,未来能源,上海,pc,134
2026-03-11,再贷款,上海,pc,131
2026-03-11,农民养老金,上海,pc,131
2026-03-11,未来能源,上海,pc,131
2026-03-12,再贷款,上海,pc,185
2026-03-12,农民养老金,上海,pc,185
2026-03-12,未来能源,上海,pc,185
2026-03-13,再贷款,上海,pc,179
2026-03-13,农民养老金,上海,pc,179
2026-03-13,未来能源,上海,pc,179
2026-03-14,再贷款,上海,pc,0
2026-03-14,农民养老金,上海,pc,0
2026-03-14,未来能源,上海,pc,0
2026-03-15,再贷款,上海,pc,0
2026-03-15,农民养老金,上海,pc,0
2026-03-15,未来能源,上海,pc,0
2026-03-01,再贷款,上海,wise,57
2026-03-01,农民养老金,上海,wise,57
2026-03-01,未来能源,上海,wise,57
2026-03-02,再贷款,上海,wise,0
2026-03-02,农民养老金,上海,wise,0
2026-03-02,未来能源,上海,wise,0
2026-03-03,再贷款,上海,wise,0
2026-03-03,农民养老金,上海,wise,0
2026-03-03,未来能源,上海,wise,0
2026-03-04,再贷款,上海,wise,63
2026-03-04,农民养老金,上海,wise,63
2026-03-04,未来能源,上海,wise,63
2026-03-05,再贷款,上海,wise,191
2026-03-05,农民养老金,上海,wise,191
2026-03-05,未来能源,上海,wise,191
2026-03-06,再贷款,上海,wise,151
2026-03-06,农民养老金,上海,wise,151
2026-03-06,未来能源,上海,wise,151
2026-03-07,再贷款,上海,wise,127
2026-03-07,农民养老金,上海,wise,127
2026-03-07,未来能源,上海,wise,127
2026-03-08,再贷款,上海,wise,120
2026-03-08,农民养老金,上海,wise,120
2026-03-08,未来能源,上海,wise,120
2026-03-09,再贷款,上海,wise,124
2026-03-09,农民养老金,上海,wise,124
2026-03-09,未来能源,上海,wise,124
2026-03-10,再贷款,上海,wise,122
2026-03-10,农民养老金,上海,wise,122
2026-03-10,未来能源,上海,wise,122
2026-03-11,再贷款,上海,wise,217
2026-03-11,农民养老金,上海,wise,217
2026-03-11,未来能源,上海,wise,217
2026-03-12,再贷款,上海,wise,143
2026-03-12,农民养老金,上海,wise,143
2026-03-12,未来能源,上海,wise,143
2026-03-13,再贷款,上海,wise,63
2026-03-13,农民养老金,上海,wise,63
2026-03-13,未来能源,上海,wise,63
2026-03-14,再贷款,上海,wise,57
2026-03-14,农民养老金,上海,wise,57
2026-03-14,未来能源,上海,wise,57
2026-03-15,再贷款,上海,wise,65
2026-03-15,农民养老金,上海,wise,65
2026-03-15,未来能源,上海,wise,65
2026-03-01,住房,上海,all,328
2026-03-01,出生率,上海,all,328
2026-03-01,智能体,上海,all,328
2026-03-02,住房,上海,all,402
2026-03-02,出生率,上海,all,402
2026-03-02,智能体,上海,all,402
2026-03-03,住房,上海,all,400
2026-03-03,出生率,上海,all,400
2026-03-03,智能体,上海,all,400
2026-03-04,住房,上海,all,435
2026-03-04,出生率,上海,all,435
2026-03-04,智能体,上海,all,435
2026-03-05,住房,上海,all,314
2026-03-05,出生率,上海,all,314
2026-03-05,智能体,上海,all,314
2026-03-06,住房,上海,all,351
2026-03-06,出生率,上海,all,351
2026-03-06,智能体,上海,all,351
2026-03-07,住房,上海,all,333
2026-03-07,出生率,上海,all,333
2026-03-07,智能体,上海,all,333
2026-03-08,住房,上海,all,221
2026-03-08,出生率,上海,all,221
2026-03-08,智能体,上海,all,221
2026-03-09,住房,上海,all,406
2026-03-09,出生率,上海,all,406
2026-03-09,智能体,上海,all,406
2026-03-10,住房,上海,all,471
2026-03-10,出生率,上海,all,471
2026-03-10,智能体,上海,all,471
2026-03-11,住房,上海,all,484
2026-03-11,出生率,上海,all,484
2026-03-11,智能体,上海,all,484
2026-03-12,住房,上海,all,405
2026-03-12,出生率,上海,all,405
2026-03-12,智能体,上海,all,405
2026-03-13,住房,上海,all,405
2026-03-13,出生率,上海,all,405
2026-03-13,智能体,上海,all,405
2026-03-14,住房,上海,all,384
2026-03-14,出生率,上海,all,384
2026-03-14,智能体,上海,all,384
2026-03-15,住房,上海,all,253
2026-03-15,出生率,上海,all,253
2026-03-15,智能体,上海,all,253
2026-03-01,住房,上海,pc,135
2026-03-01,出生率,上海,pc,135
2026-03-01,智能体,上海,pc,135
2026-03-02,住房,上海,pc,266
2026-03-02,出生率,上海,pc,266
2026-03-02,智能体,上海,pc,266
2026-03-03,住房,上海,pc,193
2026-03-03,出生率,上海,pc,193
2026-03-03,智能体,上海,pc,193
2026-03-04,住房,上海,pc,260
2026-03-04,出生率,上海,pc,260
2026-03-04,智能体,上海,pc,260
2026-03-05,住房,上海,pc,165
2026-03-05,出生率,上海,pc,165
2026-03-05,智能体,上海,pc,165
2026-03-06,住房,上海,pc,196
2026-03-06,出生率,上海,pc,196
2026-03-06,智能体,上海,pc,196
2026-03-07,住房,上海,pc,133
2026-03-07,出生率,上海,pc,133
2026-03-07,智能体,上海,pc,133
2026-03-08,住房,上海,pc,82
2026-03-08,出生率,上海,pc,82
2026-03-08,智能体,上海,pc,82
2026-03-09,住房,上海,pc,192
2026-03-09,出生率,上海,pc,192
2026-03-09,智能体,上海,pc,192
2026-03-10,住房,上海,pc,236
2026-03-10,出生率,上海,pc,236
2026-03-10,智能体,上海,pc,236
2026-03-11,住房,上海,pc,274
2026-03-11,出生率,上海,pc,274
2026-03-11,智能体,上海,pc,274
2026-03-12,住房,上海,pc,252
2026-03-12,出生率,上海,pc,252
2026-03-12,智能体,上海,pc,252
2026-03-13,住房,上海,pc,190
2026-03-13,出生率,上海,pc,190
2026-03-13,智能体,上海,pc,190
2026-03-14,住房,上海,pc,190
2026-03-14,出生率,上海,pc,190
2026-03-14,智能体,上海,pc,190
2026-03-15,住房,上海,pc,68
2026-03-15,出生率,上海,pc,68
2026-03-15,智能体,上海,pc,68
2026-03-01,住房,上海,wise,193
2026-03-01,出生率,上海,wise,193
2026-03-01,智能体,上海,wise,193
2026-03-02,住房,上海,wise,136
2026-03-02,出生率,上海,wise,136
2026-03-02,智能体,上海,wise,136
2026-03-03,住房,上海,wise,207
2026-03-03,出生率,上海,wise,207
2026-03-03,智能体,上海,wise,207
2026-03-04,住房,上海,wise,175
2026-03-04,出生率,上海,wise,175
2026-03-04,智能体,上海,wise,175
2026-03-05,住房,上海,wise,149
2026-03-05,出生率,上海,wise,149
2026-03-05,智能体,上海,wise,149
2026-03-06,住房,上海,wise,155
2026-03-06,出生率,上海,wise,155
2026-03-06,智能体,上海,wise,155
2026-03-07,住房,上海,wise,200
2026-03-07,出生率,上海,wise,200
2026-03-07,智能体,上海,wise,200
2026-03-08,住房,上海,wise,139
2026-03-08,出生率,上海,wise,139
2026-03-08,智能体,上海,wise,139
2026-03-09,住房,上海,wise,214
2026-03-09,出生率,上海,wise,214
2026-03-09,智能体,上海,wise,214
2026-03-10,住房,上海,wise,235
2026-03-10,出生率,上海,wise,235
2026-03-10,智能体,上海,wise,235
2026-03-11,住房,上海,wise,210
2026-03-11,出生率,上海,wise,210
2026-03-11,智能体,上海,wise,210
2026-03-12,住房,上海,wise,153
2026-03-12,出生率,上海,wise,153
2026-03-12,智能体,上海,wise,153
2026-03-13,住房,上海,wise,215
2026-03-13,出生率,上海,wise,215
2026-03-13,智能体,上海,wise,215
2026-03-14,住房,上海,wise,194
2026-03-14,出生率,上海,wise,194
2026-03-14,智能体,上海,wise,194
2026-03-15,住房,上海,wise,185
2026-03-15,出生率,上海,wise,185
2026-03-15,智能体,上海,wise,185
2026-03-01,人力资源,上海,all,302
2026-03-01,健康中国,上海,all,302
2026-03-01,收入,上海,all,302
2026-03-02,人力资源,上海,all,395
2026-03-02,健康中国,上海,all,395
2026-03-02,收入,上海,all,395
2026-03-03,人力资源,上海,all,370
2026-03-03,健康中国,上海,all,370
2026-03-03,收入,上海,all,370
2026-03-04,人力资源,上海,all,370
2026-03-04,健康中国,上海,all,370
2026-03-04,收入,上海,all,370
2026-03-05,人力资源,上海,all,328
2026-03-05,健康中国,上海,all,328
2026-03-05,收入,上海,all,328
2026-03-06,人力资源,上海,all,367
2026-03-06,健康中国,上海,all,367
2026-03-06,收入,上海,all,367
2026-03-07,人力资源,上海,all,177
2026-03-07,健康中国,上海,all,177
2026-03-07,收入,上海,all,177
2026-03-08,人力资源,上海,all,241
2026-03-08,健康中国,上海,all,241
2026-03-08,收入,上海,all,241
2026-03-09,人力资源,上海,all,389
2026-03-09,健康中国,上海,all,389
2026-03-09,收入,上海,all,389
2026-03-10,人力资源,上海,all,322
2026-03-10,健康中国,上海,all,322
2026-03-10,收入,上海,all,322
2026-03-11,人力资源,上海,all,395
2026-03-11,健康中国,上海,all,395
2026-03-11,收入,上海,all,395
2026-03-12,人力资源,上海,all,310
2026-03-12,健康中国,上海,all,310
2026-03-12,收入,上海,all,310
2026-03-13,人力资源,上海,all,381
2026-03-13,健康中国,上海,all,381
2026-03-13,收入,上海,all,381
2026-03-14,人力资源,上海,all,294
2026-03-14,健康中国,上海,all,294
2026-03-14,收入,上海,all,294
2026-03-15,人力资源,上海,all,245
2026-03-15,健康中国,上海,all,245
2026-03-15,收入,上海,all,245
2026-03-01,人力资源,上海,pc,122
2026-03-01,健康中国,上海,pc,122
2026-03-01,收入,上海,pc,122
2026-03-02,人力资源,上海,pc,196
2026-03-02,健康中国,上海,pc,196
2026-03-02,收入,上海,pc,196
2026-03-03,人力资源,上海,pc,188
2026-03-03,健康中国,上海,pc,188
2026-03-03,收入,上海,pc,188
2026-03-04,人力资源,上海,pc,183
2026-03-04,健康中国,上海,pc,183
2026-03-04,收入,上海,pc,183
2026-03-05,人力资源,上海,pc,133
2026-03-05,健康中国,上海,pc,133
2026-03-05,收入,上海,pc,133
2026-03-06,人力资源,上海,pc,185
2026-03-06,健康中国,上海,pc,185
2026-03-06,收入,上海,pc,185
2026-03-07,人力资源,上海,pc,57
2026-03-07,健康中国,上海,pc,57
2026-03-07,收入,上海,pc,57
2026-03-08,人力资源,上海,pc,57
2026-03-08,健康中国,上海,pc,57
2026-03-08,收入,上海,pc,57
2026-03-09,人力资源,上海,pc,192
2026-03-09,健康中国,上海,pc,192
2026-03-09,收入,上海,pc,192
2026-03-10,人力资源,上海,pc,132
2026-03-10,健康中国,上海,pc,132
2026-03-10,收入,上海,pc,132
2026-03-11,人力资源,上海,pc,191
2026-03-11,健康中国,上海,pc,191
2026-03-11,收入,上海,pc,191
2026-03-12,人力资源,上海,pc,180
2026-03-12,健康中国,上海,pc,180
2026-03-12,收入,上海,pc,180
2026-03-13,人力资源,上海,pc,193
2026-03-13,健康中国,上海,pc,193
2026-03-13,收入,上海,pc,193
2026-03-14,人力资源,上海,pc,116
2026-03-14,健康中国,上海,pc,116
2026-03-14,收入,上海,pc,116
2026-03-15,人力资源,上海,pc,125
2026-03-15,健康中国,上海,pc,125
2026-03-15,收入,上海,pc,125
2026-03-01,人力资源,上海,wise,180
2026-03-01,健康中国,上海,wise,180
2026-03-01,收入,上海,wise,180
2026-03-02,人力资源,上海,wise,199
2026-03-02,健康中国,上海,wise,199
2026-03-02,收入,上海,wise,199
2026-03-03,人力资源,上海,wise,182
2026-03-03,健康中国,上海,wise,182
2026-03-03,收入,上海,wise,182
2026-03-04,人力资源,上海,wise,187
2026-03-04,健康中国,上海,wise,187
2026-03-04,收入,上海,wise,187
2026-03-05,人力资源,上海,wise,195
2026-03-05,健康中国,上海,wise,195
2026-03-05,收入,上海,wise,195
2026-03-06,人力资源,上海,wise,182
2026-03-06,健康中国,上海,wise,182
2026-03-06,收入,上海,wise,182
2026-03-07,人力资源,上海,wise,120
2026-03-07,健康中国,上海,wise,120
2026-03-07,收入,上海,wise,120
2026-03-08,人力资源,上海,wise,184
2026-03-08,健康中国,上海,wise,184
2026-03-08,收入,上海,wise,184
2026-03-09,人力资源,上海,wise,197
2026-03-09,健康中国,上海,wise,197
2026-03-09,收入,上海,wise,197
2026-03-10,人力资源,上海,wise,190
2026-03-10,健康中国,上海,wise,190
2026-03-10,收入,上海,wise,190
2026-03-11,人力资源,上海,wise,204
2026-03-11,健康中国,上海,wise,204
2026-03-11,收入,上海,wise,204
2026-03-12,人力资源,上海,wise,130
2026-03-12,健康中国,上海,wise,130
2026-03-12,收入,上海,wise,130
2026-03-13,人力资源,上海,wise,188
2026-03-13,健康中国,上海,wise,188
2026-03-13,收入,上海,wise,188
2026-03-14,人力资源,上海,wise,178
2026-03-14,健康中国,上海,wise,178
2026-03-14,收入,上海,wise,178
2026-03-15,人力资源,上海,wise,120
2026-03-15,健康中国,上海,wise,120
2026-03-15,收入,上海,wise,120
2026-03-01,生态环境,上海,all,118
2026-03-01,消费,上海,all,118
2026-03-01,正风反腐,上海,all,118
2026-03-02,生态环境,上海,all,242
2026-03-02,消费,上海,all,242
2026-03-02,正风反腐,上海,all,242
2026-03-03,生态环境,上海,all,120
2026-03-03,消费,上海,all,120
2026-03-03,正风反腐,上海,all,120
2026-03-04,生态环境,上海,all,183
2026-03-04,消费,上海,all,183
2026-03-04,正风反腐,上海,all,183
2026-03-05,生态环境,上海,all,240
2026-03-05,消费,上海,all,240
2026-03-05,正风反腐,上海,all,240
2026-03-06,生态环境,上海,all,186
2026-03-06,消费,上海,all,186
2026-03-06,正风反腐,上海,all,186
2026-03-07,生态环境,上海,all,115
2026-03-07,消费,上海,all,115
2026-03-07,正风反腐,上海,all,115
2026-03-08,生态环境,上海,all,117
2026-03-08,消费,上海,all,117
2026-03-08,正风反腐,上海,all,117
2026-03-09,生态环境,上海,all,179
2026-03-09,消费,上海,all,179
2026-03-09,正风反腐,上海,all,179
2026-03-10,生态环境,上海,all,249
2026-03-10,消费,上海,all,249
2026-03-10,正风反腐,上海,all,249
2026-03-11,生态环境,上海,all,251
2026-03-11,消费,上海,all,251
2026-03-11,正风反腐,上海,all,251
2026-03-12,生态环境,上海,all,183
2026-03-12,消费,上海,all,183
2026-03-12,正风反腐,上海,all,183
2026-03-13,生态环境,上海,all,177
2026-03-13,消费,上海,all,177
2026-03-13,正风反腐,上海,all,177
2026-03-14,生态环境,上海,all,174
2026-03-14,消费,上海,all,174
2026-03-14,正风反腐,上海,all,174
2026-03-15,生态环境,上海,all,120
2026-03-15,消费,上海,all,120
2026-03-15,正风反腐,上海,all,120
2026-03-01,生态环境,上海,pc,57
2026-03-01,消费,上海,pc,57
2026-03-01,正风反腐,上海,pc,57
2026-03-02,生态环境,上海,pc,177
2026-03-02,消费,上海,pc,177
2026-03-02,正风反腐,上海,pc,177
2026-03-03,生态环境,上海,pc,120
2026-03-03,消费,上海,pc,120
2026-03-03,正风反腐,上海,pc,120
2026-03-04,生态环境,上海,pc,122
2026-03-04,消费,上海,pc,122
2026-03-04,正风反腐,上海,pc,122
2026-03-05,生态环境,上海,pc,118
2026-03-05,消费,上海,pc,118
2026-03-05,正风反腐,上海,pc,118
2026-03-06,生态环境,上海,pc,123
2026-03-06,消费,上海,pc,123
2026-03-06,正风反腐,上海,pc,123
2026-03-07,生态环境,上海,pc,57
2026-03-07,消费,上海,pc,57
2026-03-07,正风反腐,上海,pc,57
2026-03-08,生态环境,上海,pc,59
2026-03-08,消费,上海,pc,59
2026-03-08,正风反腐,上海,pc,59
2026-03-09,生态环境,上海,pc,118
2026-03-09,消费,上海,pc,118
2026-03-09,正风反腐,上海,pc,118
2026-03-10,生态环境,上海,pc,182
2026-03-10,消费,上海,pc,182
2026-03-10,正风反腐,上海,pc,182
2026-03-11,生态环境,上海,pc,184
2026-03-11,消费,上海,pc,184
2026-03-11,正风反腐,上海,pc,184
2026-03-12,生态环境,上海,pc,122
2026-03-12,消费,上海,pc,122
2026-03-12,正风反腐,上海,pc,122
2026-03-13,生态环境,上海,pc,116
2026-03-13,消费,上海,pc,116
2026-03-13,正风反腐,上海,pc,116
2026-03-14,生态环境,上海,pc,59
2026-03-14,消费,上海,pc,59
2026-03-14,正风反腐,上海,pc,59
2026-03-15,生态环境,上海,pc,57
2026-03-15,消费,上海,pc,57
2026-03-15,正风反腐,上海,pc,57
2026-03-01,生态环境,上海,wise,61
2026-03-01,消费,上海,wise,61
2026-03-01,正风反腐,上海,wise,61
2026-03-02,生态环境,上海,wise,65
2026-03-02,消费,上海,wise,65
2026-03-02,正风反腐,上海,wise,65
2026-03-03,生态环境,上海,wise,0
2026-03-03,消费,上海,wise,0
2026-03-03,正风反腐,上海,wise,0
2026-03-04,生态环境,上海,wise,61
2026-03-04,消费,上海,wise,61
2026-03-04,正风反腐,上海,wise,61
2026-03-05,生态环境,上海,wise,122
2026-03-05,消费,上海,wise,122
2026-03-05,正风反腐,上海,wise,122
2026-03-06,生态环境,上海,wise,63
2026-03-06,消费,上海,wise,63
2026-03-06,正风反腐,上海,wise,63
2026-03-07,生态环境,上海,wise,58
2026-03-07,消费,上海,wise,58
2026-03-07,正风反腐,上海,wise,58
2026-03-08,生态环境,上海,wise,58
2026-03-08,消费,上海,wise,58
2026-03-08,正风反腐,上海,wise,58
2026-03-09,生态环境,上海,wise,61
2026-03-09,消费,上海,wise,61
2026-03-09,正风反腐,上海,wise,61
2026-03-10,生态环境,上海,wise,67
2026-03-10,消费,上海,wise,67
2026-03-10,正风反腐,上海,wise,67
2026-03-11,生态环境,上海,wise,67
2026-03-11,消费,上海,wise,67
2026-03-11,正风反腐,上海,wise,67
2026-03-12,生态环境,上海,wise,61
2026-03-12,消费,上海,wise,61
2026-03-12,正风反腐,上海,wise,61
2026-03-13,生态环境,上海,wise,61
2026-03-13,消费,上海,wise,61
2026-03-13,正风反腐,上海,wise,61
2026-03-14,生态环境,上海,wise,115
2026-03-14,消费,上海,wise,115
2026-03-14,正风反腐,上海,wise,115
2026-03-15,生态环境,上海,wise,63
2026-03-15,消费,上海,wise,63
2026-03-15,正风反腐,上海,wise,63
2026-03-01,全面依法治国,上海,all,230
2026-03-01,美丽中国,上海,all,230
2026-03-01,种业,上海,all,230
2026-03-02,全面依法治国,上海,all,232
2026-03-02,美丽中国,上海,all,232
2026-03-02,种业,上海,all,232
2026-03-03,全面依法治国,上海,all,232
2026-03-03,美丽中国,上海,all,232
2026-03-03,种业,上海,all,232
2026-03-04,全面依法治国,上海,all,293
2026-03-04,美丽中国,上海,all,293
2026-03-04,种业,上海,all,293
2026-03-05,全面依法治国,上海,all,178
2026-03-05,美丽中国,上海,all,178
2026-03-05,种业,上海,all,178
2026-03-06,全面依法治国,上海,all,232
2026-03-06,美丽中国,上海,all,232
2026-03-06,种业,上海,all,232
2026-03-07,全面依法治国,上海,all,118
2026-03-07,美丽中国,上海,all,118
2026-03-07,种业,上海,all,118
2026-03-08,全面依法治国,上海,all,171
2026-03-08,美丽中国,上海,all,171
2026-03-08,种业,上海,all,171
2026-03-09,全面依法治国,上海,all,301
2026-03-09,美丽中国,上海,all,301
2026-03-09,种业,上海,all,301
2026-03-10,全面依法治国,上海,all,235
2026-03-10,美丽中国,上海,all,235
2026-03-10,种业,上海,all,235
2026-03-11,全面依法治国,上海,all,235
2026-03-11,美丽中国,上海,all,235
2026-03-11,种业,上海,all,235
2026-03-12,全面依法治国,上海,all,184
2026-03-12,美丽中国,上海,all,184
2026-03-12,种业,上海,all,184
2026-03-13,全面依法治国,上海,all,175
2026-03-13,美丽中国,上海,all,175
2026-03-13,种业,上海,all,175
2026-03-14,全面依法治国,上海,all,116
2026-03-14,美丽中国,上海,all,116
2026-03-14,种业,上海,all,116
2026-03-15,全面依法治国,上海,all,115
2026-03-15,美丽中国,上海,all,115
2026-03-15,种业,上海,all,115
2026-03-01,全面依法治国,上海,pc,173
2026-03-01,美丽中国,上海,pc,173
2026-03-01,种业,上海,pc,173
2026-03-02,全面依法治国,上海,pc,175
2026-03-02,美丽中国,上海,pc,175
2026-03-02,种业,上海,pc,175
2026-03-03,全面依法治国,上海,pc,175
2026-03-03,美丽中国,上海,pc,175
2026-03-03,种业,上海,pc,175
2026-03-04,全面依法治国,上海,pc,121
2026-03-04,美丽中国,上海,pc,121
2026-03-04,种业,上海,pc,121
2026-03-05,全面依法治国,上海,pc,121
2026-03-05,美丽中国,上海,pc,121
2026-03-05,种业,上海,pc,121
2026-03-06,全面依法治国,上海,pc,175
2026-03-06,美丽中国,上海,pc,175
2026-03-06,种业,上海,pc,175
2026-03-07,全面依法治国,上海,pc,118
2026-03-07,美丽中国,上海,pc,118
2026-03-07,种业,上海,pc,118
2026-03-08,全面依法治国,上海,pc,114
2026-03-08,美丽中国,上海,pc,114
2026-03-08,种业,上海,pc,114
2026-03-09,全面依法治国,上海,pc,177
2026-03-09,美丽中国,上海,pc,177
2026-03-09,种业,上海,pc,177
2026-03-10,全面依法治国,上海,pc,120
2026-03-10,美丽中国,上海,pc,120
2026-03-10,种业,上海,pc,120
2026-03-11,全面依法治国,上海,pc,120
2026-03-11,美丽中国,上海,pc,120
2026-03-11,种业,上海,pc,120
2026-03-12,全面依法治国,上海,pc,126
2026-03-12,美丽中国,上海,pc,126
2026-03-12,种业,上海,pc,126
2026-03-13,全面依法治国,上海,pc,118
2026-03-13,美丽中国,上海,pc,118
2026-03-13,种业,上海,pc,118
2026-03-14,全面依法治国,上海,pc,59
2026-03-14,美丽中国,上海,pc,59
2026-03-14,种业,上海,pc,59
2026-03-15,全面依法治国,上海,pc,57
2026-03-15,美丽中国,上海,pc,57
2026-03-15,种业,上海,pc,57
2026-03-01,全面依法治国,上海,wise,57
2026-03-01,美丽中国,上海,wise,57
2026-03-01,种业,上海,wise,57
2026-03-02,全面依法治国,上海,wise,57
2026-03-02,美丽中国,上海,wise,57
2026-03-02,种业,上海,wise,57
2026-03-03,全面依法治国,上海,wise,57
2026-03-03,美丽中国,上海,wise,57
2026-03-03,种业,上海,wise,57
2026-03-04,全面依法治国,上海,wise,172
2026-03-04,美丽中国,上海,wise,172
2026-03-04,种业,上海,wise,172
2026-03-05,全面依法治国,上海,wise,57
2026-03-05,美丽中国,上海,wise,57
2026-03-05,种业,上海,wise,57
2026-03-06,全面依法治国,上海,wise,57
2026-03-06,美丽中国,上海,wise,57
2026-03-06,种业,上海,wise,57
2026-03-07,全面依法治国,上海,wise,0
2026-03-07,美丽中国,上海,wise,0
2026-03-07,种业,上海,wise,0
2026-03-08,全面依法治国,上海,wise,57
2026-03-08,美丽中国,上海,wise,57
2026-03-08,种业,上海,wise,57
2026-03-09,全面依法治国,上海,wise,124
2026-03-09,美丽中国,上海,wise,124
2026-03-09,种业,上海,wise,124
2026-03-10,全面依法治国,上海,wise,115
2026-03-10,美丽中国,上海,wise,115
2026-03-10,种业,上海,wise,115
2026-03-11,全面依法治国,上海,wise,115
2026-03-11,美丽中国,上海,wise,115
2026-03-11,种业,上海,wise,115
2026-03-12,全面依法治国,上海,wise,58
2026-03-12,美丽中国,上海,wise,58
2026-03-12,种业,上海,wise,58
2026-03-13,全面依法治国,上海,wise,57
2026-03-13,美丽中国,上海,wise,57
2026-03-13,种业,上海,wise,57
2026-03-14,全面依法治国,上海,wise,57
2026-03-14,美丽中国,上海,wise,57
2026-03-14,种业,上海,wise,57
2026-03-15,全面依法治国,上海,wise,58
2026-03-15,美丽中国,上海,wise,58
2026-03-15,种业,上海,wise,58
2026-03-01,智慧农业,上海,all,483
2026-03-01,机器人,上海,all,483
2026-03-01,贴息,上海,all,483
2026-03-02,智慧农业,上海,all,739
2026-03-02,机器人,上海,all,739
2026-03-02,贴息,上海,all,739
2026-03-03,智慧农业,上海,all,733
2026-03-03,机器人,上海,all,733
2026-03-03,贴息,上海,all,733
2026-03-04,智慧农业,上海,all,719
2026-03-04,机器人,上海,all,719
2026-03-04,贴息,上海,all,719
2026-03-05,智慧农业,上海,all,686
2026-03-05,机器人,上海,all,686
2026-03-05,贴息,上海,all,686
2026-03-06,智慧农业,上海,all,617
2026-03-06,机器人,上海,all,617
2026-03-06,贴息,上海,all,617
2026-03-07,智慧农业,上海,all,420
2026-03-07,机器人,上海,all,420
2026-03-07,贴息,上海,all,420
2026-03-08,智慧农业,上海,all,401
2026-03-08,机器人,上海,all,401
2026-03-08,贴息,上海,all,401
2026-03-09,智慧农业,上海,all,648
2026-03-09,机器人,上海,all,648
2026-03-09,贴息,上海,all,648
2026-03-10,智慧农业,上海,all,664
2026-03-10,机器人,上海,all,664
2026-03-10,贴息,上海,all,664
2026-03-11,智慧农业,上海,all,766
2026-03-11,机器人,上海,all,766
2026-03-11,贴息,上海,all,766
2026-03-12,智慧农业,上海,all,589
2026-03-12,机器人,上海,all,589
2026-03-12,贴息,上海,all,589
2026-03-13,智慧农业,上海,all,586
2026-03-13,机器人,上海,all,586
2026-03-13,贴息,上海,all,586
2026-03-14,智慧农业,上海,all,399
2026-03-14,机器人,上海,all,399
2026-03-14,贴息,上海,all,399
2026-03-15,智慧农业,上海,all,394
2026-03-15,机器人,上海,all,394
2026-03-15,贴息,上海,all,394
2026-03-01,智慧农业,上海,pc,176
2026-03-01,机器人,上海,pc,176
2026-03-01,贴息,上海,pc,176
2026-03-02,智慧农业,上海,pc,341
2026-03-02,机器人,上海,pc,341
2026-03-02,贴息,上海,pc,341
2026-03-03,智慧农业,上海,pc,410
2026-03-03,机器人,上海,pc,410
2026-03-03,贴息,上海,pc,410
2026-03-04,智慧农业,上海,pc,372
2026-03-04,机器人,上海,pc,372
2026-03-04,贴息,上海,pc,372
2026-03-05,智慧农业,上海,pc,385
2026-03-05,机器人,上海,pc,385
2026-03-05,贴息,上海,pc,385
2026-03-06,智慧农业,上海,pc,314
2026-03-06,机器人,上海,pc,314
2026-03-06,贴息,上海,pc,314
2026-03-07,智慧农业,上海,pc,154
2026-03-07,机器人,上海,pc,154
2026-03-07,贴息,上海,pc,154
2026-03-08,智慧农业,上海,pc,142
2026-03-08,机器人,上海,pc,142
2026-03-08,贴息,上海,pc,142
2026-03-09,智慧农业,上海,pc,303
2026-03-09,机器人,上海,pc,303
2026-03-09,贴息,上海,pc,303
2026-03-10,智慧农业,上海,pc,361
2026-03-10,机器人,上海,pc,361
2026-03-10,贴息,上海,pc,361
2026-03-11,智慧农业,上海,pc,480
2026-03-11,机器人,上海,pc,480
2026-03-11,贴息,上海,pc,480
2026-03-12,智慧农业,上海,pc,384
2026-03-12,机器人,上海,pc,384
2026-03-12,贴息,上海,pc,384
2026-03-13,智慧农业,上海,pc,284
2026-03-13,机器人,上海,pc,284
2026-03-13,贴息,上海,pc,284
2026-03-14,智慧农业,上海,pc,142
2026-03-14,机器人,上海,pc,142
2026-03-14,贴息,上海,pc,142
2026-03-15,智慧农业,上海,pc,133
2026-03-15,机器人,上海,pc,133
2026-03-15,贴息,上海,pc,133
2026-03-01,智慧农业,上海,wise,307
2026-03-01,机器人,上海,wise,307
2026-03-01,贴息,上海,wise,307
2026-03-02,智慧农业,上海,wise,398
2026-03-02,机器人,上海,wise,398
2026-03-02,贴息,上海,wise,398
2026-03-03,智慧农业,上海,wise,323
2026-03-03,机器人,上海,wise,323
2026-03-03,贴息,上海,wise,323
2026-03-04,智慧农业,上海,wise,347
2026-03-04,机器人,上海,wise,347
2026-03-04,贴息,上海,wise,347
2026-03-05,智慧农业,上海,wise,301
2026-03-05,机器人,上海,wise,301
2026-03-05,贴息,上海,wise,301
2026-03-06,智慧农业,上海,wise,303
2026-03-06,机器人,上海,wise,303
2026-03-06,贴息,上海,wise,303
2026-03-07,智慧农业,上海,wise,266
2026-03-07,机器人,上海,wise,266
2026-03-07,贴息,上海,wise,266
2026-03-08,智慧农业,上海,wise,259
2026-03-08,机器人,上海,wise,259
2026-03-08,贴息,上海,wise,259
2026-03-09,智慧农业,上海,wise,345
2026-03-09,机器人,上海,wise,345
2026-03-09,贴息,上海,wise,345
2026-03-10,智慧农业,上海,wise,303
2026-03-10,机器人,上海,wise,303
2026-03-10,贴息,上海,wise,303
2026-03-11,智慧农业,上海,wise,286
2026-03-11,机器人,上海,wise,286
2026-03-11,贴息,上海,wise,286
2026-03-12,智慧农业,上海,wise,205
2026-03-12,机器人,上海,wise,205
2026-03-12,贴息,上海,wise,205
2026-03-13,智慧农业,上海,wise,302
2026-03-13,机器人,上海,wise,302
2026-03-13,贴息,上海,wise,302
2026-03-14,智慧农业,上海,wise,257
2026-03-14,机器人,上海,wise,257
2026-03-14,贴息,上海,wise,257
2026-03-15,智慧农业,上海,wise,261
2026-03-15,机器人,上海,wise,261
2026-03-15,贴息,上海,wise,261
2026-03-01,智能系统,上海,all,118
2026-03-01,高额彩礼,上海,all,118
2026-03-01,形式主义,上海,all,118
2026-03-02,智能系统,上海,all,114
2026-03-02,高额彩礼,上海,all,114
2026-03-02,形式主义,上海,all,114
2026-03-03,智能系统,上海,all,131
2026-03-03,高额彩礼,上海,all,131
2026-03-03,形式主义,上海,all,131
2026-03-04,智能系统,上海,all,120
2026-03-04,高额彩礼,上海,all,120
2026-03-04,形式主义,上海,all,120
2026-03-05,智能系统,上海,all,66
2026-03-05,高额彩礼,上海,all,66
2026-03-05,形式主义,上海,all,66
2026-03-06,智能系统,上海,all,114
2026-03-06,高额彩礼,上海,all,114
2026-03-06,形式主义,上海,all,114
2026-03-07,智能系统,上海,all,114
2026-03-07,高额彩礼,上海,all,114
2026-03-07,形式主义,上海,all,114
2026-03-08,智能系统,上海,all,0
2026-03-08,高额彩礼,上海,all,0
2026-03-08,形式主义,上海,all,0
2026-03-09,智能系统,上海,all,125
2026-03-09,高额彩礼,上海,all,125
2026-03-09,形式主义,上海,all,125
2026-03-10,智能系统,上海,all,115
2026-03-10,高额彩礼,上海,all,115
2026-03-10,形式主义,上海,all,115
2026-03-11,智能系统,上海,all,122
2026-03-11,高额彩礼,上海,all,122
2026-03-11,形式主义,上海,all,122
2026-03-12,智能系统,上海,all,121
2026-03-12,高额彩礼,上海,all,121
2026-03-12,形式主义,上海,all,121
2026-03-13,智能系统,上海,all,116
2026-03-13,高额彩礼,上海,all,116
2026-03-13,形式主义,上海,all,116
2026-03-14,智能系统,上海,all,58
2026-03-14,高额彩礼,上海,all,58
2026-03-14,形式主义,上海,all,58
2026-03-15,智能系统,上海,all,183
2026-03-15,高额彩礼,上海,all,183
2026-03-15,形式主义,上海,all,183
2026-03-01,智能系统,上海,pc,57
2026-03-01,高额彩礼,上海,pc,57
2026-03-01,形式主义,上海,pc,57
2026-03-02,智能系统,上海,pc,57
2026-03-02,高额彩礼,上海,pc,57
2026-03-02,形式主义,上海,pc,57
2026-03-03,智能系统,上海,pc,68
2026-03-03,高额彩礼,上海,pc,68
2026-03-03,形式主义,上海,pc,68
2026-03-04,智能系统,上海,pc,59
2026-03-04,高额彩礼,上海,pc,59
2026-03-04,形式主义,上海,pc,59
2026-03-05,智能系统,上海,pc,0
2026-03-05,高额彩礼,上海,pc,0
2026-03-05,形式主义,上海,pc,0
2026-03-06,智能系统,上海,pc,57
2026-03-06,高额彩礼,上海,pc,57
2026-03-06,形式主义,上海,pc,57
2026-03-07,智能系统,上海,pc,57
2026-03-07,高额彩礼,上海,pc,57
2026-03-07,形式主义,上海,pc,57
2026-03-08,智能系统,上海,pc,0
2026-03-08,高额彩礼,上海,pc,0
2026-03-08,形式主义,上海,pc,0
2026-03-09,智能系统,上海,pc,125
2026-03-09,高额彩礼,上海,pc,125
2026-03-09,形式主义,上海,pc,125
2026-03-10,智能系统,上海,pc,57
2026-03-10,高额彩礼,上海,pc,57
2026-03-10,形式主义,上海,pc,57
2026-03-11,智能系统,上海,pc,57
2026-03-11,高额彩礼,上海,pc,57
2026-03-11,形式主义,上海,pc,57
2026-03-12,智能系统,上海,pc,61
2026-03-12,高额彩礼,上海,pc,61
2026-03-12,形式主义,上海,pc,61
2026-03-13,智能系统,上海,pc,59
2026-03-13,高额彩礼,上海,pc,59
2026-03-13,形式主义,上海,pc,59
2026-03-14,智能系统,上海,pc,0
2026-03-14,高额彩礼,上海,pc,0
2026-03-14,形式主义,上海,pc,0
2026-03-15,智能系统,上海,pc,114
2026-03-15,高额彩礼,上海,pc,114
2026-03-15,形式主义,上海,pc,114
2026-03-01,智能系统,上海,wise,61
2026-03-01,高额彩礼,上海,wise,61
2026-03-01,形式主义,上海,wise,61
2026-03-02,智能系统,上海,wise,57
2026-03-02,高额彩礼,上海,wise,57
2026-03-02,形式主义,上海,wise,57
2026-03-03,智能系统,上海,wise,63
2026-03-03,高额彩礼,上海,wise,63
2026-03-03,形式主义,上海,wise,63
2026-03-04,智能系统,上海,wise,61
2026-03-04,高额彩礼,上海,wise,61
2026-03-04,形式主义,上海,wise,61
2026-03-05,智能系统,上海,wise,66
2026-03-05,高额彩礼,上海,wise,66
2026-03-05,形式主义,上海,wise,66
2026-03-06,智能系统,上海,wise,57
2026-03-06,高额彩礼,上海,wise,57
2026-03-06,形式主义,上海,wise,57
2026-03-07,智能系统,上海,wise,57
2026-03-07,高额彩礼,上海,wise,57
2026-03-07,形式主义,上海,wise,57
2026-03-08,智能系统,上海,wise,0
2026-03-08,高额彩礼,上海,wise,0
2026-03-08,形式主义,上海,wise,0
2026-03-09,智能系统,上海,wise,0
2026-03-09,高额彩礼,上海,wise,0
2026-03-09,形式主义,上海,wise,0
2026-03-10,智能系统,上海,wise,58
2026-03-10,高额彩礼,上海,wise,58
2026-03-10,形式主义,上海,wise,58
2026-03-11,智能系统,上海,wise,65
2026-03-11,高额彩礼,上海,wise,65
2026-03-11,形式主义,上海,wise,65
2026-03-12,智能系统,上海,wise,60
2026-03-12,高额彩礼,上海,wise,60
2026-03-12,形式主义,上海,wise,60
2026-03-13,智能系统,上海,wise,57
2026-03-13,高额彩礼,上海,wise,57
2026-03-13,形式主义,上海,wise,57
2026-03-14,智能系统,上海,wise,58
2026-03-14,高额彩礼,上海,wise,58
2026-03-14,形式主义,上海,wise,58
2026-03-15,智能系统,上海,wise,69
2026-03-15,高额彩礼,上海,wise,69
2026-03-15,形式主义,上海,wise,69
2026-03-01,金融科技,上海,all,234
2026-03-01,绿色金融,上海,all,234
2026-03-01,普惠金融,上海,all,234
2026-03-02,金融科技,上海,all,239
2026-03-02,绿色金融,上海,all,239
2026-03-02,普惠金融,上海,all,239
2026-03-03,金融科技,上海,all,358
2026-03-03,绿色金融,上海,all,358
2026-03-03,普惠金融,上海,all,358
2026-03-04,金融科技,上海,all,356
2026-03-04,绿色金融,上海,all,356
2026-03-04,普惠金融,上海,all,356
2026-03-05,金融科技,上海,all,370
2026-03-05,绿色金融,上海,all,370
2026-03-05,普惠金融,上海,all,370
2026-03-06,金融科技,上海,all,117
2026-03-06,绿色金融,上海,all,117
2026-03-06,普惠金融,上海,all,117
2026-03-07,金融科技,上海,all,231
2026-03-07,绿色金融,上海,all,231
2026-03-07,普惠金融,上海,all,231
2026-03-08,金融科技,上海,all,286
2026-03-08,绿色金融,上海,all,286
2026-03-08,普惠金融,上海,all,286
2026-03-09,金融科技,上海,all,304
2026-03-09,绿色金融,上海,all,304
2026-03-09,普惠金融,上海,all,304
2026-03-10,金融科技,上海,all,238
2026-03-10,绿色金融,上海,all,238
2026-03-10,普惠金融,上海,all,238
2026-03-11,金融科技,上海,all,359
2026-03-11,绿色金融,上海,all,359
2026-03-11,普惠金融,上海,all,359
2026-03-12,金融科技,上海,all,242
2026-03-12,绿色金融,上海,all,242
2026-03-12,普惠金融,上海,all,242
2026-03-13,金融科技,上海,all,357
2026-03-13,绿色金融,上海,all,357
2026-03-13,普惠金融,上海,all,357
2026-03-14,金融科技,上海,all,180
2026-03-14,绿色金融,上海,all,180
2026-03-14,普惠金融,上海,all,180
2026-03-15,金融科技,上海,all,235
2026-03-15,绿色金融,上海,all,235
2026-03-15,普惠金融,上海,all,235
2026-03-01,金融科技,上海,pc,114
2026-03-01,绿色金融,上海,pc,114
2026-03-01,普惠金融,上海,pc,114
2026-03-02,金融科技,上海,pc,181
2026-03-02,绿色金融,上海,pc,181
2026-03-02,普惠金融,上海,pc,181
2026-03-03,金融科技,上海,pc,179
2026-03-03,绿色金融,上海,pc,179
2026-03-03,普惠金融,上海,pc,179
2026-03-04,金融科技,上海,pc,175
2026-03-04,绿色金融,上海,pc,175
2026-03-04,普惠金融,上海,pc,175
2026-03-05,金融科技,上海,pc,187
2026-03-05,绿色金融,上海,pc,187
2026-03-05,普惠金融,上海,pc,187
2026-03-06,金融科技,上海,pc,59
2026-03-06,绿色金融,上海,pc,59
2026-03-06,普惠金融,上海,pc,59
2026-03-07,金融科技,上海,pc,57
2026-03-07,绿色金融,上海,pc,57
2026-03-07,普惠金融,上海,pc,57
2026-03-08,金融科技,上海,pc,114
2026-03-08,绿色金融,上海,pc,114
2026-03-08,普惠金融,上海,pc,114
2026-03-09,金融科技,上海,pc,187
2026-03-09,绿色金融,上海,pc,187
2026-03-09,普惠金融,上海,pc,187
2026-03-10,金融科技,上海,pc,180
2026-03-10,绿色金融,上海,pc,180
2026-03-10,普惠金融,上海,pc,180
2026-03-11,金融科技,上海,pc,185
2026-03-11,绿色金融,上海,pc,185
2026-03-11,普惠金融,上海,pc,185
2026-03-12,金融科技,上海,pc,118
2026-03-12,绿色金融,上海,pc,118
2026-03-12,普惠金融,上海,pc,118
2026-03-13,金融科技,上海,pc,179
2026-03-13,绿色金融,上海,pc,179
2026-03-13,普惠金融,上海,pc,179
2026-03-14,金融科技,上海,pc,0
2026-03-14,绿色金融,上海,pc,0
2026-03-14,普惠金融,上海,pc,0
2026-03-15,金融科技,上海,pc,57
2026-03-15,绿色金融,上海,pc,57
2026-03-15,普惠金融,上海,pc,57
2026-03-01,金融科技,上海,wise,120
2026-03-01,绿色金融,上海,wise,120
2026-03-01,普惠金融,上海,wise,120
2026-03-02,金融科技,上海,wise,58
2026-03-02,绿色金融,上海,wise,58
2026-03-02,普惠金融,上海,wise,58
2026-03-03,金融科技,上海,wise,179
2026-03-03,绿色金融,上海,wise,179
2026-03-03,普惠金融,上海,wise,179
2026-03-04,金融科技,上海,wise,181
2026-03-04,绿色金融,上海,wise,181
2026-03-04,普惠金融,上海,wise,181
2026-03-05,金融科技,上海,wise,183
2026-03-05,绿色金融,上海,wise,183
2026-03-05,普惠金融,上海,wise,183
2026-03-06,金融科技,上海,wise,58
2026-03-06,绿色金融,上海,wise,58
2026-03-06,普惠金融,上海,wise,58
2026-03-07,金融科技,上海,wise,174
2026-03-07,绿色金融,上海,wise,174
2026-03-07,普惠金融,上海,wise,174
2026-03-08,金融科技,上海,wise,172
2026-03-08,绿色金融,上海,wise,172
2026-03-08,普惠金融,上海,wise,172
2026-03-09,金融科技,上海,wise,117
2026-03-09,绿色金融,上海,wise,117
2026-03-09,普惠金融,上海,wise,117
2026-03-10,金融科技,上海,wise,58
2026-03-10,绿色金融,上海,wise,58
2026-03-10,普惠金融,上海,wise,58
2026-03-11,金融科技,上海,wise,174
2026-03-11,绿色金融,上海,wise,174
2026-03-11,普惠金融,上海,wise,174
2026-03-12,金融科技,上海,wise,124
2026-03-12,绿色金融,上海,wise,124
2026-03-12,普惠金融,上海,wise,124
2026-03-13,金融科技,上海,wise,178
2026-03-13,绿色金融,上海,wise,178
2026-03-13,普惠金融,上海,wise,178
2026-03-14,金融科技,上海,wise,180
2026-03-14,绿色金融,上海,wise,180
2026-03-14,普惠金融,上海,wise,180
2026-03-15,金融科技,上海,wise,178
2026-03-15,绿色金融,上海,wise,178
2026-03-15,普惠金融,上海,wise,178
2026-03-01,货币政策,上海,all,114
2026-03-02,货币政策,上海,all,116
2026-03-03,货币政策,上海,all,117
2026-03-04,货币政策,上海,all,57
2026-03-05,货币政策,上海,all,119
2026-03-06,货币政策,上海,all,119
2026-03-07,货币政策,上海,all,57
2026-03-08,货币政策,上海,all,0
2026-03-09,货币政策,上海,all,114
2026-03-10,货币政策,上海,all,118
2026-03-11,货币政策,上海,all,117
2026-03-12,货币政策,上海,all,119
2026-03-13,货币政策,上海,all,114
2026-03-14,货币政策,上海,all,0
2026-03-15,货币政策,上海,all,58
2026-03-01,货币政策,上海,pc,57
2026-03-02,货币政策,上海,pc,59
2026-03-03,货币政策,上海,pc,59
2026-03-04,货币政策,上海,pc,0
2026-03-05,货币政策,上海,pc,59
2026-03-06,货币政策,上海,pc,59
2026-03-07,货币政策,上海,pc,57
2026-03-08,货币政策,上海,pc,0
2026-03-09,货币政策,上海,pc,57
2026-03-10,货币政策,上海,pc,57
2026-03-11,货币政策,上海,pc,57
2026-03-12,货币政策,上海,pc,59
2026-03-13,货币政策,上海,pc,57
2026-03-14,货币政策,上海,pc,0
2026-03-15,货币政策,上海,pc,0
2026-03-01,货币政策,上海,wise,57
2026-03-02,货币政策,上海,wise,57
2026-03-03,货币政策,上海,wise,58
2026-03-04,货币政策,上海,wise,57
2026-03-05,货币政策,上海,wise,60
2026-03-06,货币政策,上海,wise,60
2026-03-07,货币政策,上海,wise,0
2026-03-08,货币政策,上海,wise,0
2026-03-09,货币政策,上海,wise,57
2026-03-10,货币政策,上海,wise,61
2026-03-11,货币政策,上海,wise,60
2026-03-12,货币政策,上海,wise,60
2026-03-13,货币政策,上海,wise,57
2026-03-14,货币政策,上海,wise,0
2026-03-15,货币政策,上海,wise,58
2026-03-01,金融强国,上海,all,227
2026-03-01,半导体,上海,all,227
2026-03-01,金融安全,上海,all,227
2026-03-02,金融强国,上海,all,414
2026-03-02,半导体,上海,all,414
2026-03-02,金融安全,上海,all,414
2026-03-03,金融强国,上海,all,358
2026-03-03,半导体,上海,all,358
2026-03-03,金融安全,上海,all,358
2026-03-04,金融强国,上海,all,259
2026-03-04,半导体,上海,all,259
2026-03-04,金融安全,上海,all,259
2026-03-05,金融强国,上海,all,393
2026-03-05,半导体,上海,all,393
2026-03-05,金融安全,上海,all,393
2026-03-06,金融强国,上海,all,253
2026-03-06,半导体,上海,all,253
2026-03-06,金融安全,上海,all,253
2026-03-07,金融强国,上海,all,274
2026-03-07,半导体,上海,all,274
2026-03-07,金融安全,上海,all,274
2026-03-08,金融强国,上海,all,229
2026-03-08,半导体,上海,all,229
2026-03-08,金融安全,上海,all,229
2026-03-09,金融强国,上海,all,347
2026-03-09,半导体,上海,all,347
2026-03-09,金融安全,上海,all,347
2026-03-10,金融强国,上海,all,372
2026-03-10,半导体,上海,all,372
2026-03-10,金融安全,上海,all,372
2026-03-11,金融强国,上海,all,404
2026-03-11,半导体,上海,all,404
2026-03-11,金融安全,上海,all,404
2026-03-12,金融强国,上海,all,218
2026-03-12,半导体,上海,all,218
2026-03-12,金融安全,上海,all,218
2026-03-13,金融强国,上海,all,265
2026-03-13,半导体,上海,all,265
2026-03-13,金融安全,上海,all,265
2026-03-14,金融强国,上海,all,266
2026-03-14,半导体,上海,all,266
2026-03-14,金融安全,上海,all,266
2026-03-15,金融强国,上海,all,221
2026-03-15,半导体,上海,all,221
2026-03-15,金融安全,上海,all,221
2026-03-01,金融强国,上海,pc,125
2026-03-01,半导体,上海,pc,125
2026-03-01,金融安全,上海,pc,125
2026-03-02,金融强国,上海,pc,243
2026-03-02,半导体,上海,pc,243
2026-03-02,金融安全,上海,pc,243
2026-03-03,金融强国,上海,pc,246
2026-03-03,半导体,上海,pc,246
2026-03-03,金融安全,上海,pc,246
2026-03-04,金融强国,上海,pc,150
2026-03-04,半导体,上海,pc,150
2026-03-04,金融安全,上海,pc,150
2026-03-05,金融强国,上海,pc,218
2026-03-05,半导体,上海,pc,218
2026-03-05,金融安全,上海,pc,218
2026-03-06,金融强国,上海,pc,148
2026-03-06,半导体,上海,pc,148
2026-03-06,金融安全,上海,pc,148
2026-03-07,金融强国,上海,pc,120
2026-03-07,半导体,上海,pc,120
2026-03-07,金融安全,上海,pc,120
2026-03-08,金融强国,上海,pc,120
2026-03-08,半导体,上海,pc,120
2026-03-08,金融安全,上海,pc,120
2026-03-09,金融强国,上海,pc,177
2026-03-09,半导体,上海,pc,177
2026-03-09,金融安全,上海,pc,177
2026-03-10,金融强国,上海,pc,150
2026-03-10,半导体,上海,pc,150
2026-03-10,金融安全,上海,pc,150
2026-03-11,金融强国,上海,pc,224
2026-03-11,半导体,上海,pc,224
2026-03-11,金融安全,上海,pc,224
2026-03-12,金融强国,上海,pc,108
2026-03-12,半导体,上海,pc,108
2026-03-12,金融安全,上海,pc,108
2026-03-13,金融强国,上海,pc,173
2026-03-13,半导体,上海,pc,173
2026-03-13,金融安全,上海,pc,173
2026-03-14,金融强国,上海,pc,122
2026-03-14,半导体,上海,pc,122
2026-03-14,金融安全,上海,pc,122
2026-03-15,金融强国,上海,pc,122
2026-03-15,半导体,上海,pc,122
2026-03-15,金融安全,上海,pc,122
2026-03-01,金融强国,上海,wise,102
2026-03-01,半导体,上海,wise,102
2026-03-01,金融安全,上海,wise,102
2026-03-02,金融强国,上海,wise,171
2026-03-02,半导体,上海,wise,171
2026-03-02,金融安全,上海,wise,171
2026-03-03,金融强国,上海,wise,112
2026-03-03,半导体,上海,wise,112
2026-03-03,金融安全,上海,wise,112
2026-03-04,金融强国,上海,wise,109
2026-03-04,半导体,上海,wise,109
2026-03-04,金融安全,上海,wise,109
2026-03-05,金融强国,上海,wise,175
2026-03-05,半导体,上海,wise,175
2026-03-05,金融安全,上海,wise,175
2026-03-06,金融强国,上海,wise,105
2026-03-06,半导体,上海,wise,105
2026-03-06,金融安全,上海,wise,105
2026-03-07,金融强国,上海,wise,154
2026-03-07,半导体,上海,wise,154
2026-03-07,金融安全,上海,wise,154
2026-03-08,金融强国,上海,wise,109
2026-03-08,半导体,上海,wise,109
2026-03-08,金融安全,上海,wise,109
2026-03-09,金融强国,上海,wise,170
2026-03-09,半导体,上海,wise,170
2026-03-09,金融安全,上海,wise,170
2026-03-10,金融强国,上海,wise,222
2026-03-10,半导体,上海,wise,222
2026-03-10,金融安全,上海,wise,222
2026-03-11,金融强国,上海,wise,180
2026-03-11,半导体,上海,wise,180
2026-03-11,金融安全,上海,wise,180
2026-03-12,金融强国,上海,wise,110
2026-03-12,半导体,上海,wise,110
2026-03-12,金融安全,上海,wise,110
2026-03-13,金融强国,上海,wise,92
2026-03-13,半导体,上海,wise,92
2026-03-13,金融安全,上海,wise,92
2026-03-14,金融强国,上海,wise,144
2026-03-14,半导体,上海,wise,144
2026-03-14,金融安全,上海,wise,144
2026-03-15,金融强国,上海,wise,99
2026-03-15,半导体,上海,wise,99
2026-03-15,金融安全,上海,wise,99
2026-03-01,智能交通,上海,all,0
2026-03-02,智能交通,上海,all,0
2026-03-03,智能交通,上海,all,0
2026-03-04,智能交通,上海,all,0
2026-03-05,智能交通,上海,all,59
2026-03-06,智能交通,上海,all,57
2026-03-07,智能交通,上海,all,0
2026-03-08,智能交通,上海,all,0
2026-03-09,智能交通,上海,all,59
2026-03-10,智能交通,上海,all,57
2026-03-11,智能交通,上海,all,57
2026-03-12,智能交通,上海,all,57
2026-03-13,智能交通,上海,all,0
2026-03-14,智能交通,上海,all,0
2026-03-15,智能交通,上海,all,0
2026-03-01,智能交通,上海,pc,0
2026-03-02,智能交通,上海,pc,0
2026-03-03,智能交通,上海,pc,0
2026-03-04,智能交通,上海,pc,0
2026-03-05,智能交通,上海,pc,59
2026-03-06,智能交通,上海,pc,0
2026-03-07,智能交通,上海,pc,0
2026-03-08,智能交通,上海,pc,0
2026-03-09,智能交通,上海,pc,59
2026-03-10,智能交通,上海,pc,57
2026-03-11,智能交通,上海,pc,57
2026-03-12,智能交通,上海,pc,57
2026-03-13,智能交通,上海,pc,0
2026-03-14,智能交通,上海,pc,0
2026-03-15,智能交通,上海,pc,0
2026-03-01,智能交通,上海,wise,0
2026-03-02,智能交通,上海,wise,0
2026-03-03,智能交通,上海,wise,0
2026-03-04,智能交通,上海,wise,0
2026-03-05,智能交通,上海,wise,0
2026-03-06,智能交通,上海,wise,57
2026-03-07,智能交通,上海,wise,0
2026-03-08,智能交通,上海,wise,0
2026-03-09,智能交通,上海,wise,0
2026-03-10,智能交通,上海,wise,0
2026-03-11,智能交通,上海,wise,0
2026-03-12,智能交通,上海,wise,0
2026-03-13,智能交通,上海,wise,0
2026-03-14,智能交通,上海,wise,0
2026-03-15,智能交通,上海,wise,0
